smiles,label
C=O,3.08810808289764
C=O,3.0573184187724145
C=O,3.095257124687304
C=O,3.095257124687304
CCC1(C(=O)NC(=O)NC1=O)C1=CC=CC=C1,2.680801321849426
CCC1(C(=O)NC(=O)NC1=O)C1=CC=CC=C1,2.679904944891575
ClC1=CC=C(C=C1)C(C1=CC=C(Cl)C=C1)C(Cl)(Cl)Cl,7.131464046409161
ClC1=CC=C(C=C1)C(C1=CC=C(Cl)C=C1)C(Cl)(Cl)Cl,7.041287416060073
ClC1=CC=C(C=C1)C(C1=CC=C(Cl)C=C1)C(Cl)(Cl)Cl,7.014958477337724
ClC1=CC=C(C=C1)C(C1=CC=C(Cl)C=C1)C(Cl)(Cl)Cl,7.460077563705231
ClC1=CC=C(C=C1)C(C1=CC=C(Cl)C=C1)C(Cl)(Cl)Cl,7.677205674649003
ClC1=CC=C(C=C1)C(C1=CC=C(Cl)C=C1)C(Cl)(Cl)Cl,7.247584317970273
ClC1=CC=C(C=C1)C(C1=CC=C(Cl)C=C1)C(Cl)(Cl)Cl,7.2676837934271505
ClC1=CC=C(C=C1)C(C1=CC=C(Cl)C=C1)C(Cl)(Cl)Cl,7.2676837934271505
ClC1=CC=C(C=C1)C(C1=CC=C(Cl)C=C1)C(Cl)(Cl)Cl,7.55080219978243
ClC1=CC=C(C=C1)C(C1=CC=C(Cl)C=C1)C(Cl)(Cl)Cl,7.453015709217745
ClC1=CC=C(C=C1)C(C1=CC=C(Cl)C=C1)C(Cl)(Cl)Cl,7.42586346317413
ClC1=CC=C(C=C1)C(C1=CC=C(Cl)C=C1)C(Cl)(Cl)Cl,6.7830094008170425
ClC1=CC=C(C=C1)C(C1=CC=C(Cl)C=C1)C(Cl)(Cl)Cl,7.6170184686656865
ClC1=CC=C(C=C1)C(C1=CC=C(Cl)C=C1)C(Cl)(Cl)Cl,7.356105696209688
ClC1=CC=C(C=C1)C(C1=CC=C(Cl)C=C1)C(Cl)(Cl)Cl,7.30092472656583
OC(=O)C1=C(Cl)C(Cl)=CC=C1Cl,7.395850109095942
OC(=O)C1=C(Cl)C(Cl)=CC=C1Cl,4.420673692820974
CCCCOCCOCCOCC1=CC2=C(OCO2)C=C1CCC,4.736793886950896
OC1=C(C=C(C=C1)[N+]([O-])=O)[N+]([O-])=O,4.219523216953588
OC1=C(C=C(C=C1)[N+]([O-])=O)[N+]([O-])=O,4.219523216953588
OC1=C(C=C(C=C1)[N+]([O-])=O)[N+]([O-])=O,4.060726213084321
OC1=C(C=C(C=C1)[N+]([O-])=O)[N+]([O-])=O,4.44662030212629
OC1=C(C=C(C=C1)[N+]([O-])=O)[N+]([O-])=O,4.22345351058202
OC1=C(C=C(C=C1)[N+]([O-])=O)[N+]([O-])=O,4.353688587000269
OC1=C(C=C(C=C1)[N+]([O-])=O)[N+]([O-])=O,4.243656896670307
OC1=C(C=C(C=C1)[N+]([O-])=O)[N+]([O-])=O,4.239540330475475
OC1=C(C=C(C=C1)[N+]([O-])=O)[N+]([O-])=O,3.9770444658100192
OC1=C(C=C(C=C1)[N+]([O-])=O)[N+]([O-])=O,4.189299234347715
OC1=C(C=C(C=C1)[N+]([O-])=O)[N+]([O-])=O,4.14099455477316
OC1=C(C=C(C=C1)[N+]([O-])=O)[N+]([O-])=O,4.341084234911545
OC1=C(C=C(C=C1)[N+]([O-])=O)[N+]([O-])=O,4.034397274361972
CCOC(N)=O,1.230291314598614
COP(=O)(OC)C(O)C(Cl)(Cl)Cl,3.7005384264933414
COP(=O)(OC)C(O)C(Cl)(Cl)Cl,3.152836097487972
COP(=O)(OC)C(O)C(Cl)(Cl)Cl,4.510481511300837
COP(=O)(OC)C(O)C(Cl)(Cl)Cl,3.3706821046506543
COP(=O)(OC)C(O)C(Cl)(Cl)Cl,4.510481511300837
COP(=O)(OC)C(O)C(Cl)(Cl)Cl,3.3667159174330528
[Na+].OC1=C(C=CC=C1)C([O-])=O,2.067436432912073
[Na+].OC1=C(C=CC=C1)C([O-])=O,1.8697032489175491
CCN(CC)N=O,2.119636035797002
NC(=O)C1=CC=CC=C1,2.2627732500995896
COP(=S)(OC)OC1=CC(C)=C(SC)C=C1,5.056686248544229
COP(=S)(OC)OC1=CC(C)=C(SC)C=C1,5.218766793157095
COP(=S)(OC)OC1=CC(C)=C(SC)C=C1,5.056686248544229
COP(=S)(OC)OC1=CC(C)=C(SC)C=C1,4.986194178148966
COP(=S)(OC)OC1=CC(C)=C(SC)C=C1,4.938926096563052
COP(=S)(OC)OC1=CC(C)=C(SC)C=C1,4.900008030532683
COP(=S)(OC)OC1=CC(C)=C(SC)C=C1,4.9255621350050705
[O-][N+](=O)OCC(CO[N+]([O-])=O)O[N+]([O-])=O,7.515410186535707
[O-][N+](=O)OCC(CO[N+]([O-])=O)O[N+]([O-])=O,5.033811496054759
[O-][N+](=O)OCC(CO[N+]([O-])=O)O[N+]([O-])=O,4.95809078211664
[O-][N+](=O)OCC(CO[N+]([O-])=O)O[N+]([O-])=O,4.878909536069015
[O-][N+](=O)OCC(CO[N+]([O-])=O)O[N+]([O-])=O,4.824551873746423
[O-][N+](=O)OCC(CO[N+]([O-])=O)O[N+]([O-])=O,4.6156681012944345
[O-][N+](=O)OCC(CO[N+]([O-])=O)O[N+]([O-])=O,4.802147764144804
Cl.CN(CCCl)CCCl,3.2884878813426335
Cl.CN(CCCl)CCCl,3.2836550147774557
ClC(Cl)(Cl)Cl,4.579427474088093
ClC(Cl)(Cl)Cl,4.164454126117276
ClC(Cl)(Cl)Cl,3.564487124295157
ClC(Cl)(Cl)Cl,3.564487124295157
ClC(Cl)(Cl)Cl,3.5470101952553246
ClC(Cl)(Cl)Cl,3.5490301732313316
ClC(Cl)(Cl)Cl,3.5449995690626905
ClC(Cl)(Cl)Cl,3.564487124295157
CCCC[Sn](CCCC)(CCCC)O[Sn](CCCC)(CCCC)CCCC,8.361888927754508
CCCC[Sn](CCCC)(CCCC)O[Sn](CCCC)(CCCC)CCCC,8.345498511566339
[Cl-].CC[N+](CC)(CC)CC1=CC=CC=C1,3.1494755413548483
CCOP(=S)(OCC)OC1=CC=C(C=C1)[N+]([O-])=O,5.31781424543823
CCOP(=S)(OCC)OC1=CC=C(C=C1)[N+]([O-])=O,5.259822298460543
CCOP(=S)(OCC)OC1=CC=C(C=C1)[N+]([O-])=O,5.03257851695748
CCOP(=S)(OCC)OC1=CC=C(C=C1)[N+]([O-])=O,4.9076397803491805
CCOP(=S)(OCC)OC1=CC=C(C=C1)[N+]([O-])=O,5.0928744188447315
CCOP(=S)(OCC)OC1=CC=C(C=C1)[N+]([O-])=O,5.143795995005414
CCOP(=S)(OCC)OC1=CC=C(C=C1)[N+]([O-])=O,5.0928744188447315
CCOP(=S)(OCC)OC1=CC=C(C=C1)[N+]([O-])=O,5.349998928809631
CCOP(=S)(OCC)OC1=CC=C(C=C1)[N+]([O-])=O,4.986821026396806
CCOP(=S)(OCC)OC1=CC=C(C=C1)[N+]([O-])=O,5.211089250136575
CCOP(=S)(OCC)OC1=CC=C(C=C1)[N+]([O-])=O,5.314723168461088
CCOP(=S)(OCC)OC1=CC=C(C=C1)[N+]([O-])=O,5.314723168461088
CCOP(=S)(OCC)OC1=CC=C(C=C1)[N+]([O-])=O,5.764972276780449
CCOP(=S)(OCC)OC1=CC=C(C=C1)[N+]([O-])=O,5.259822298460543
CCOP(=S)(OCC)OC1=CC=C(C=C1)[N+]([O-])=O,5.349998928809631
CCOP(=S)(OCC)OC1=CC=C(C=C1)[N+]([O-])=O,5.31781424543823
CCOP(=S)(OCC)OC1=CC2=C(C=C1)C(C)=C(Cl)C(=O)O2,4.303453411575264
C=CCN=C=S,6.063224025931781
CN(C)N,3.8893468794797315
CN(C)N,3.8837789252407893
CC(C)(O)C(Cl)(Cl)Cl,3.1150709239513956
[Na+].CCCC(C)C1(CC)C(=O)NC([O-])=NC1=O,3.7000455229661617
CCC1(CCC(C)C)C(=O)NC(=O)NC1=O,3.422903658472816
CC(O)CO,0.34835871316185235
CC(O)CO,2.029854743435275
CC(O)CO,0.1344788932167713
ClC1CC2C(C1Cl)C1(Cl)C(Cl)=C(Cl)C2(Cl)C1(Cl)Cl,6.769460567113883
ClC1CC2C(C1Cl)C1(Cl)C(Cl)=C(Cl)C2(Cl)C1(Cl)Cl,6.504505936895182
ClC1CC2C(C1Cl)C1(Cl)C(Cl)=C(Cl)C2(Cl)C1(Cl)Cl,6.353037152747833
ClC1CC2C(C1Cl)C1(Cl)C(Cl)=C(Cl)C2(Cl)C1(Cl)Cl,6.89230631421634
CN1C=NC2=C1C(=O)N(C)C(=O)N2C,3.1090046766223507
CC1=CC(=O)C2=C(C=CC=C2)C1=O,6.194268124372145
CC1=CC(=O)C2=C(C=CC=C2)C1=O,6.194268124372145
Cl[C@H]1[C@H](Cl)[C@@H](Cl)[C@@H](Cl)[C@H](Cl)[C@H]1Cl,6.413858442254604
Cl[C@H]1[C@H](Cl)[C@@H](Cl)[C@@H](Cl)[C@H](Cl)[C@H]1Cl,6.345238068734425
Cl[C@H]1[C@H](Cl)[C@@H](Cl)[C@@H](Cl)[C@H](Cl)[C@H]1Cl,6.817707310537163
Cl[C@H]1[C@H](Cl)[C@@H](Cl)[C@@H](Cl)[C@H](Cl)[C@H]1Cl,6.710993394035062
Cl[C@H]1[C@H](Cl)[C@@H](Cl)[C@@H](Cl)[C@H](Cl)[C@H]1Cl,6.666789731543008
Cl[C@H]1[C@H](Cl)[C@@H](Cl)[C@@H](Cl)[C@H](Cl)[C@H]1Cl,6.519662168422643
Cl[C@H]1[C@H](Cl)[C@@H](Cl)[C@@H](Cl)[C@H](Cl)[C@H]1Cl,6.519662168422643
Cl[C@H]1[C@H](Cl)[C@@H](Cl)[C@@H](Cl)[C@H](Cl)[C@H]1Cl,6.6331066183404355
Cl[C@H]1[C@H](Cl)[C@@H](Cl)[C@@H](Cl)[C@H](Cl)[C@H]1Cl,6.57269069586878
Cl[C@H]1[C@H](Cl)[C@@H](Cl)[C@@H](Cl)[C@H](Cl)[C@H]1Cl,6.524682969797694
Cl[C@H]1[C@H](Cl)[C@@H](Cl)[C@@H](Cl)[C@H](Cl)[C@H]1Cl,6.519662168422643
Cl[C@H]1[C@H](Cl)[C@@H](Cl)[C@@H](Cl)[C@H](Cl)[C@H]1Cl,6.345238068734425
Cl[C@H]1[C@H](Cl)[C@@H](Cl)[C@@H](Cl)[C@H](Cl)[C@H]1Cl,6.413858442254604
OC1=C(Cl)C(Cl)=C(Cl)C=C1Cl,5.3486752524778085
OC1=C(Cl)C(Cl)=C(Cl)C=C1Cl,5.3486752524778085
OC1=C(Cl)C(Cl)=C(Cl)C=C1Cl,5.3444791378842
CC1=C(Cl)C=CC(O)=C1,5.1523450513557325
CC1=C(Cl)C=CC(O)=C1,4.544890028141064
CC1=C(Cl)C=CC(O)=C1,4.544890028141064
CC1=C(Cl)C=CC(O)=C1,4.284288689532691
CC1=C(Cl)C=CC(O)=C1,4.273823255854526
Cl.C(C1=NCCN1)C1=CC=CC=C1,2.7434227848396553
OC(=O)CN(CCN(CC(O)=O)CC(O)=O)CC(O)=O,3.688816494180695
OC(=O)CN(CCN(CC(O)=O)CC(O)=O)CC(O)=O,3.688816494180695
OS(O)(=O)=O.CC(N)CC1=CC=CC=C1.CC(N)CC1=CC=CC=C1,4.106664141392884
CCOCC,1.4614209359296266
OS(O)(=O)=O.O=C1C[C@@H]2OCC=C3CN4CC[C@@]56[C@@H]4C[C@@H]3[C@@H]2[C@@H]5N1C1=C6C=CC=C1.O=C1C[C@@H]2OCC=C3CN4CC[C@@]56[C@@H]4C[C@@H]3[C@@H]2[C@@H]5N1C1=C6C=CC=C1,5.8390779071175585
ClC1=C(Cl)[C@]2(Cl)[C@@H]3[C@@H]4C[C@@H]([C@H]5O[C@@H]45)[C@@H]3[C@@]1(Cl)C2(Cl)Cl,7.197131897071238
ClC1=C(Cl)[C@]2(Cl)[C@@H]3[C@@H]4C[C@@H]([C@H]5O[C@@H]45)[C@@H]3[C@@]1(Cl)C2(Cl)Cl,7.373223156126919
ClC1=C(Cl)[C@]2(Cl)[C@@H]3[C@@H]4C[C@@H]([C@H]5O[C@@H]45)[C@@H]3[C@@]1(Cl)C2(Cl)Cl,7.997559542166034
ClC1=C(Cl)[C@]2(Cl)[C@@H]3[C@@H]4C[C@@H]([C@H]5O[C@@H]45)[C@@H]3[C@@]1(Cl)C2(Cl)Cl,7.373223156126919
ClC1=C(Cl)[C@]2(Cl)[C@@H]3[C@@H]4C[C@@H]([C@H]5O[C@@H]45)[C@@H]3[C@@]1(Cl)C2(Cl)Cl,7.997559542166034
ClC1=C(Cl)[C@]2(Cl)[C@@H]3[C@@H]4C[C@@H]([C@H]5O[C@@H]45)[C@@H]3[C@@]1(Cl)C2(Cl)Cl,7.373223156126919
ClC1=C(Cl)[C@]2(Cl)[C@@H]3[C@@H]4C[C@@H]([C@H]5O[C@@H]45)[C@@H]3[C@@]1(Cl)C2(Cl)Cl,7.072193160462938
ClC1=C(Cl)[C@]2(Cl)[C@@H]3[C@@H]4C[C@@H]([C@H]5O[C@@H]45)[C@@H]3[C@@]1(Cl)C2(Cl)Cl,7.215615302765251
ClC1=C(Cl)[C@]2(Cl)[C@@H]3[C@@H]4C[C@@H]([C@H]5O[C@@H]45)[C@@H]3[C@@]1(Cl)C2(Cl)Cl,7.197131897071238
ClC1=C(Cl)[C@]2(Cl)[C@@H]3[C@@H]4C[C@@H]([C@H]5O[C@@H]45)[C@@H]3[C@@]1(Cl)C2(Cl)Cl,7.179403130110806
ClC1=C(Cl)[C@]2(Cl)[C@@H]3[C@@H]4C[C@@H]([C@H]5O[C@@H]45)[C@@H]3[C@@]1(Cl)C2(Cl)Cl,7.021040638015557
ClC1=C(Cl)[C@]2(Cl)[C@@H]3[C@@H]4C[C@@H]([C@H]5O[C@@H]45)[C@@H]3[C@@]1(Cl)C2(Cl)Cl,6.954093848384944
[Cl-].CN(C)C1=CC2=[S+]C3=C(C=CC(=C3)N(C)C)N=C2C=C1,4.327823290886801
[Cl-].CN(C)C1=CC2=[S+]C3=C(C=CC(=C3)N(C)C)N=C2C=C1,3.8507020361671387
NC1=NNC=N1,2.9245046270886603
NC1=CC=CC=C1,2.9924030317886157
NC1=CC=CC=C1,2.9924030317886157
NC1=CC=CC=C1,2.8416482124270814
NC1=CC=CC=C1,3.463603032471983
NC1=CC=CC=C1,3.0908060591627007
NC1=CC=CC=C1,3.0772155531193244
NC1=CC=CC=C1,3.1322390119012176
NC1=CC=CC=C1,2.8416482124270814
NC1=CC=CC=C1,3.1324288950851376
NC1=CC=CC=C1,2.9393692331066794
NC1=CC=CC=C1,2.9118481594554164
NC1=CC=CC=C1,3.1558396541490334
CC(N)=S,2.4437801240624166
COP(=O)(OC)OC=C(Cl)Cl,4.852357392673154
COP(=O)(OC)OC=C(Cl)Cl,4.27785788287107
COP(=O)(OC)OC=C(Cl)Cl,4.2631346260503635
COP(=O)(OC)OC=C(Cl)Cl,4.27785788287107
COP(=O)(OC)OC=C(Cl)Cl,4.740255880770026
CN(C)N=O,1.896385554478824
CNC(=O)OC1=C2C=CC=CC2=CC=C1,4.349124161064471
CNC(=O)OC1=C2C=CC=CC2=CC=C1,4.586528947204271
CNC(=O)OC1=C2C=CC=CC2=CC=C1,4.7078704486782215
CNC(=O)OC1=C2C=CC=CC2=CC=C1,4.661892559999696
CNC(=O)OC1=C2C=CC=CC2=CC=C1,4.584035383520069
CNC(=O)OC1=C2C=CC=CC2=CC=C1,4.545970641710771
CNC(=O)OC1=C2C=CC=CC2=CC=C1,4.535469054485705
CNC(=O)OC1=C2C=CC=CC2=CC=C1,4.43237785674322
CNC(=O)OC1=C2C=CC=CC2=CC=C1,4.4792408365872465
CNC(=O)OC1=C2C=CC=CC2=CC=C1,4.286333331205015
CNC(=O)OC1=C2C=CC=CC2=CC=C1,4.352515211615249
CNC(=O)OC1=C2C=CC=CC2=CC=C1,4.327016691500522
CNC(=O)OC1=C2C=CC=CC2=CC=C1,4.477291867802969
CNC(=O)OC1=C2C=CC=CC2=CC=C1,4.224185424456171
CNC(=O)OC1=C2C=CC=CC2=CC=C1,4.189423318196959
CNC(=O)OC1=C2C=CC=CC2=CC=C1,3.69058281378406
CNC(=O)OC1=C2C=CC=CC2=CC=C1,4.458268630489539
CNC(=O)OC1=C2C=CC=CC2=CC=C1,4.157238634825558
CNC(=O)OC1=C2C=CC=CC2=CC=C1,4.139013814719359
CNC(=O)OC1=C2C=CC=CC2=CC=C1,4.416875945331314
CNC(=O)OC1=C2C=CC=CC2=CC=C1,4.60352894463655
CNC(=O)OC1=C2C=CC=CC2=CC=C1,4.139013814719359
CNC(=O)OC1=C2C=CC=CC2=CC=C1,4.587363326868997
CCO,0.5593491843832074
CCO,0.5108645609561078
CCO,0.5108645609561078
CCO,0.4784614745215655
CCO,0.5334630131398632
CCO,0.5328191368441582
CC(O)=O,2.833821490775985
CC(O)=O,2.8806770716357124
OS(O)(=O)=O.CN1CCC[C@H]1C1=CN=CC=C1.CN1CCC[C@H]1C1=CN=CC=C1,4.5391571396845585
OS(O)(=O)=O.CN1CCC[C@H]1C1=CN=CC=C1.CN1CCC[C@H]1C1=CN=CC=C1,4.432392372004845
OS(O)(=O)=O.CN1CCC[C@H]1C1=CN=CC=C1.CN1CCC[C@H]1C1=CN=CC=C1,4.3310507441977135
NC(=O)C1=CC=CC=C1O,3.13255030937041
NC(=O)C1=CC=CC=C1O,3.13255030937041
CCCCCC=O,3.6579628666525976
CCCCCC=O,3.854257511796566
OC1=C(CC2=C(O)C3=CC=CC=C3OC2=O)C(=O)OC2=CC=CC=C12,4.818000301384178
OC1=C(CC2=C(O)C3=CC=CC=C3OC2=O)C(=O)OC2=CC=CC=C12,4.818000301384178
O=CC1=CC=C(OC2=CC=CC=C2)C=C1,4.6340566590616445
CO,0.2649563631504579
CO,0.0521872713860199
CO,0.05679929152797768
CO,0.03715828102090027
CO,0.055256503113696454
CO,0.055256503113696454
CC(C)O,0.9623260575420176
CC(C)O,0.7615340182350203
CC(C)O,0.9623260575420176
CC(C)O,0.7944903236309699
CC(C)O,0.7320721931990923
CC(C)O,0.7332443787471432
CC(C)O,0.829665596563587
CC(C)=O,0.9706497571478891
CC(C)=O,0.9706497571478891
CC(C)=O,0.9016099780114322
CC(C)=O,0.8541853280832941
CC(C)=O,0.7343575796392597
CC(C)=O,0.7343575796392597
CC(C)=O,0.8046999650033758
CC(C)=O,0.5876500982687881
ClC(Cl)Cl,3.2076494061509426
ClC(Cl)Cl,3.118290446441499
ClC(Cl)Cl,3.222147369311904
ClC(Cl)Cl,3.058729558403631
ClC(Cl)Cl,2.8385706727166493
ClC(Cl)Cl,2.960977072809554
CS(C)=O,0.36069327161818415
ClC(Cl)(Cl)C(Cl)(Cl)Cl,5.271958856869073
ClC(Cl)(Cl)C(Cl)(Cl)Cl,5.24829493867128
ClC(Cl)(Cl)C(Cl)(Cl)Cl,5.18417743905953
ClC(Cl)(Cl)C(Cl)(Cl)Cl,5.278963758437731
ClC(Cl)(Cl)C(Cl)(Cl)Cl,5.327476184718904
ClC(Cl)(Cl)C(Cl)(Cl)Cl,5.2258540696230344
ClC(Cl)(Cl)C(Cl)(Cl)Cl,5.18989192258396
OC(=O)CS,3.486634473149912
CN(C)C=O,0.8342528737896445
CN(C)C=O,0.9790111882186197
CN(C)C=O,0.8466033121760738
CN(C)C=O,0.8424473524049161
CN(C)C=O,0.838330786210084
CN(C)C=O,0.838330786210084
OC1=C(CC2=C(Cl)C(Cl)=CC(Cl)=C2O)C(Cl)=C(Cl)C=C1Cl,7.284000680118521
OC1=C(CC2=C(Cl)C(Cl)=CC(Cl)=C2O)C(Cl)=C(Cl)C=C1Cl,7.284000680118521
CC(C)=CC1C(C(=O)OCC2=C(C)C=C(C)C=C2)C1(C)C,6.66426774264419
CC(C)=CC1C(C(=O)OCC2=C(C)C=C(C)C=C2)C1(C)C,6.66426774264419
CCC(=O)C1=CC=C(N)C=C1,3.0090783671527306
CCCO,1.1272893435356566
CCCO,1.1272893435356566
CCCO,1.1129863665158475
CCCO,1.0795973531977818
CCCCO,1.6316147981126807
CCCCO,1.6316147981126807
CCCCO,1.6316147981126807
CCCCO,1.5886275339937486
CCCCO,1.5818591713112502
CCCCO,1.6291116529588765
CCCCCO,2.162448143605315
CCCCCO,2.2709787691375136
C1=CC=CC=C1,3.3396877208741524
C1=CC=CC=C1,3.7954459239782894
C1=CC=CC=C1,3.7919853918687827
C1=CC=CC=C1,3.6995098217975038
C1=CC=CC=C1,3.699231338631884
C1=CC=CC=C1,3.5014208298829663
C1=CC=CC=C1,3.38720595866644
C1=CC=CC=C1,3.3673111299495004
C1=CC=CC=C1,2.968076650924464
CC(Cl)(Cl)Cl,3.099154372446993
CC(Cl)(Cl)Cl,3.397709748983119
CC(Cl)(Cl)Cl,3.4940033041418888
CC(Cl)(Cl)Cl,3.3968879994817454
CC(Cl)(Cl)Cl,3.4940033041418888
CC(Cl)(Cl)Cl,3.3968879994817454
CC(Cl)(Cl)Cl,3.397709748983119
CC(Cl)(Cl)Cl,3.372155644510731
[Na+].CCCC(C)C1(CC)C(=O)NC([S-])=NC1=O,4.003452051667868
ClC1=C(Cl)[C@]2(Cl)[C@@H]3[C@H]4C[C@H]([C@@H]5O[C@H]45)[C@@H]3[C@@]1(Cl)C2(Cl)Cl,8.765768132912251
ClC1=C(Cl)[C@]2(Cl)[C@@H]3[C@H]4C[C@H]([C@@H]5O[C@H]45)[C@@H]3[C@@]1(Cl)C2(Cl)Cl,8.9241306250075
ClC1=C(Cl)[C@]2(Cl)[C@@H]3[C@H]4C[C@H]([C@@H]5O[C@H]45)[C@@H]3[C@@]1(Cl)C2(Cl)Cl,8.861339795148044
ClC1=C(Cl)[C@]2(Cl)[C@@H]3[C@H]4C[C@H]([C@@H]5O[C@H]45)[C@@H]3[C@@]1(Cl)C2(Cl)Cl,8.9241306250075
ClC1=C(Cl)[C@]2(Cl)[C@@H]3[C@H]4C[C@H]([C@@H]5O[C@H]45)[C@@H]3[C@@]1(Cl)C2(Cl)Cl,8.905245280847126
ClC1=C(Cl)[C@]2(Cl)[C@@H]3[C@H]4C[C@H]([C@@H]5O[C@H]45)[C@@H]3[C@@]1(Cl)C2(Cl)Cl,8.829155111776643
ClC1=C(Cl)[C@]2(Cl)[C@@H]3[C@H]4C[C@H]([C@@H]5O[C@H]45)[C@@H]3[C@@]1(Cl)C2(Cl)Cl,8.577343138782844
ClC1=C(Cl)[C@]2(Cl)[C@@H]3[C@H]4C[C@H]([C@@H]5O[C@H]45)[C@@H]3[C@@]1(Cl)C2(Cl)Cl,8.463399786476007
ClC1=C(Cl)[C@]2(Cl)[C@@H]3[C@H]4C[C@H]([C@@H]5O[C@H]45)[C@@H]3[C@@]1(Cl)C2(Cl)Cl,8.298589537830015
ClC1=C(Cl)[C@]2(Cl)[C@@H]3[C@H]4C[C@H]([C@@H]5O[C@H]45)[C@@H]3[C@@]1(Cl)C2(Cl)Cl,8.072193160462938
ClC1=C(Cl)[C@]2(Cl)[C@@H]3[C@H]4C[C@H]([C@@H]5O[C@H]45)[C@@H]3[C@@]1(Cl)C2(Cl)Cl,7.997559542166034
ClC1=C(Cl)[C@]2(Cl)[C@@H]3[C@H]4C[C@H]([C@@H]5O[C@H]45)[C@@H]3[C@@]1(Cl)C2(Cl)Cl,8.732245098768587
ClC1=C(Cl)[C@]2(Cl)[C@@H]3[C@H]4C[C@H]([C@@H]5O[C@H]45)[C@@H]3[C@@]1(Cl)C2(Cl)Cl,8.322070633679537
ClC1=C(Cl)[C@]2(Cl)[C@@H]3[C@H]4C[C@H]([C@@H]5O[C@H]45)[C@@H]3[C@@]1(Cl)C2(Cl)Cl,8.821468283110352
ClC1=C(Cl)[C@]2(Cl)[C@@H]3[C@H]4C[C@H]([C@@H]5O[C@H]45)[C@@H]3[C@@]1(Cl)C2(Cl)Cl,8.878373134446825
ClC1=C(Cl)[C@]2(Cl)[C@@H]3[C@H]4C[C@H]([C@@H]5O[C@H]45)[C@@H]3[C@@]1(Cl)C2(Cl)Cl,9.197131897071237
ClC1=C(Cl)[C@]2(Cl)[C@@H]3[C@H]4C[C@H]([C@@H]5O[C@H]45)[C@@H]3[C@@]1(Cl)C2(Cl)Cl,8.322070633679537
ClC1=C(Cl)[C@]2(Cl)[C@@H]3[C@H]4C[C@H]([C@@H]5O[C@H]45)[C@@H]3[C@@]1(Cl)C2(Cl)Cl,8.8064911271407
ClC1=C(Cl)[C@]2(Cl)[C@@H]3[C@H]4C[C@H]([C@@H]5O[C@H]45)[C@@H]3[C@@]1(Cl)C2(Cl)Cl,9.162369790812026
ClC1=C(Cl)[C@]2(Cl)[C@@H]3[C@H]4C[C@H]([C@@H]5O[C@H]45)[C@@H]3[C@@]1(Cl)C2(Cl)Cl,6.771163164798957
ClC1=C(Cl)[C@]2(Cl)[C@@H]3[C@H]4C[C@H]([C@@H]5O[C@H]45)[C@@H]3[C@@]1(Cl)C2(Cl)Cl,8.771163164798956
COC1=CC=C(C=C1)C(C1=CC=C(OC)C=C1)C(Cl)(Cl)Cl,7.138635808815659
COC1=CC=C(C=C1)C(C1=CC=C(OC)C=C1)C(Cl)(Cl)Cl,6.992507773137421
COC1=CC=C(C=C1)C(C1=CC=C(OC)C=C1)C(Cl)(Cl)Cl,6.730395843503809
COC1=CC=C(C=C1)C(C1=CC=C(OC)C=C1)C(Cl)(Cl)Cl,6.945511210461197
COC1=CC=C(C=C1)C(C1=CC=C(OC)C=C1)C(Cl)(Cl)Cl,7.661514554095996
COC1=CC=C(C=C1)C(C1=CC=C(OC)C=C1)C(Cl)(Cl)Cl,6.945511210461197
COC1=CC=C(C=C1)C(C1=CC=C(OC)C=C1)C(Cl)(Cl)Cl,7.661514554095996
COC1=CC=C(C=C1)C(C1=CC=C(OC)C=C1)C(Cl)(Cl)Cl,7.605117946798691
ClC(Cl)C(C1=CC=C(Cl)C=C1)C1=CC=C(Cl)C=C1,4.858911153494921
ClC(Cl)C(C1=CC=C(Cl)C=C1)C1=CC=C(Cl)C=C1,4.858911153494921
C#N,5.363353177759275
C#N,5.3381173543432014
C#N,5.30768739853835
C#N,5.249695451560664
C#N,5.235639387096203
CC#N,1.3982211402427793
CC#N,1.3982211402427793
CC#N,1.6130649882904773
CC#N,1.4008773838865196
CC=O,3.1551606311275173
CC=O,3.0778635289544436
CC=O,3.0092340774672297
CC=O,3.1551606311275173
CC=O,3.073168407746064
ClCCl,2.63848074957238
ClCCl,2.432676364745881
ClCCl,2.2233343414351343
ClCCl,2.4055241187022665
ClCCl,2.63848074957238
C1CO1,2.7194320615660796
ClC(Cl)=C,2.9952884320553546
ClC(Cl)=C,2.9486364108346494
ClC(Cl)=C,2.754173461707926
CC(Cl)=O,3.2687742737006187
CC(Cl)=O,3.2687742737006187
IC(I)I,5.129805997217753
C[N+]([O-])=O,2.3414016303419523
[Cl-].C[N+](C)(C)C,2.373046721481976
CC(C)(C)O,1.0628028717226587
OCC(F)(F)F,2.9245120959313877
CC(=O)C(C)(C)C,3.0608662948561856
CC(=O)C(C)(C)C,3.0608662948561856
CC(Cl)(Cl)C(O)=O,2.6897644278760877
ClC(Cl)C(Cl)(Cl)Cl,1.5410408462590297
ClC(Cl)C(Cl)(Cl)Cl,4.423913714747959
ClC(Cl)C(Cl)(Cl)Cl,4.435012631032589
OC(=O)C(Cl)(Cl)Cl,1.908228152410329
OC(=O)C(Cl)(Cl)Cl,1.908228152410329
CC1(C)C2CCC1(C)C(=O)C2,3.1407939602769113
CC1(C)C2CCC1(C)C(=O)C2Br,3.5260950920835485
ClC1C=CC2C1C1(Cl)C(Cl)=C(Cl)C2(Cl)C1(Cl)Cl,7.45404832658714
ClC1C=CC2C1C1(Cl)C(Cl)=C(Cl)C2(Cl)C1(Cl)Cl,6.594863825294278
ClC1C=CC2C1C1(Cl)C(Cl)=C(Cl)C2(Cl)C1(Cl)Cl,7.206263842876384
ClC1C=CC2C1C1(Cl)C(Cl)=C(Cl)C2(Cl)C1(Cl)Cl,6.819803651887776
ClC1C=CC2C1C1(Cl)C(Cl)=C(Cl)C2(Cl)C1(Cl)Cl,7.206263842876384
O[Sn](C1=CC=CC=C1)(C1=CC=CC=C1)C1=CC=CC=C1,7.833480386957193
O[Sn](C1=CC=CC=C1)(C1=CC=CC=C1)C1=CC=CC=C1,7.714615798061086
O[Sn](C1=CC=CC=C1)(C1=CC=CC=C1)C1=CC=CC=C1,7.26484415111618
O[Sn](C1=CC=CC=C1)(C1=CC=CC=C1)C1=CC=CC=C1,7.26484415111618
O[Sn](C1=CC=CC=C1)(C1=CC=CC=C1)C1=CC=CC=C1,7.26484415111618
O[Sn](C1=CC=CC=C1)(C1=CC=CC=C1)C1=CC=CC=C1,7.1948062845084255
ClC1=C(Cl)C(Cl)(Cl)C(Cl)=C1Cl,7.288048257397261
ClC1=C(Cl)C(Cl)(Cl)C(Cl)=C1Cl,6.17579055254805
ClC1=C(Cl)C(Cl)(Cl)C(Cl)=C1Cl,6.660211046009212
ClC1=C(Cl)C(Cl)(Cl)C(Cl)=C1Cl,6.414029718352576
ClC1=C(Cl)C(Cl)(Cl)C(Cl)=C1Cl,6.538968454960876
ClC1=C(Cl)C(Cl)(Cl)C(Cl)=C1Cl,6.660211046009212
ClC1=C(Cl)C(Cl)(Cl)C(Cl)=C1Cl,6.945341631169776
ClC1=C(Cl)C(Cl)(Cl)C(Cl)=C1Cl,7.585965017637099
ClC1=C(Cl)C(Cl)(Cl)C(Cl)=C1Cl,7.585965017637099
CC1(C)NC(=O)NC1=O,0.8899247290584927
C1C=CC2C3CC(C=C3)C12,4.0417015178899085
C1C=CC2C3CC(C=C3)C12,3.628122374910696
C1C=CC2C3CC(C=C3)C12,3.108045539232361
C1C=CC2C3CC(C=C3)C12,3.184871968222324
CCC(C)(O)CC,2.181675461315094
CCC(C)(O)C#C,1.9051903600611828
OC1(CCCCC1)C#C,2.685492671940625
CCOP(=S)(OCC)SC1OCCOC1SP(=S)(OCC)OCC,4.658973172097478
CCOP(=S)(OCC)SC1OCCOC1SP(=S)(OCC)OCC,4.579791926049853
CCOP(=S)(OCC)SC1OCCOC1SP(=S)(OCC)OCC,4.690490223543543
CCOP(=O)(OCC)OCC,3.26024028993953
CCCCSP(=O)(SCCCC)SCCCC,5.533274806665189
CCCCOCCOP(=O)(OCCOCCCC)OCCOCCCC,4.550930499202217
CC1=CC(=O)CC(C)(C)C1,2.9788397177849735
CC1=CC(=O)CC(C)(C)C1,2.7822728730194948
CC1=CC(=O)CC(C)(C)C1,2.7599964783083424
CC1=CC(=O)CC(C)(C)C1,2.7370871988441303
CC1=CC(=O)CC(C)(C)C1,2.700875026189686
CC1=CC(=O)CC(C)(C)C1,2.6364170369627673
CC1=CC(=O)CC(C)(C)C1,2.9788397177849735
CC1=CC(=O)CC(C)(C)C1,2.7336675395859933
CC1=CC(=O)CC(C)(C)C1,2.7822728730194948
CC1=CC(=O)CC(C)(C)C1,2.7599964783083424
CC(=C)C=C,2.958832791591717
CC(=C)C=C,2.9590069389502904
CC(=C)C=C,2.94641781164227
CC(=C)C=C,2.9408139341242716
CC(=C)C=C,2.9298185498228086
CC(=C)C=C,2.903489611100459
CC(=C)C=C,2.8958924293499377
CC(=C)C=C,2.957847273423052
CC(C)CO,1.6906839539483067
CC(C)CO,1.7143248637764144
CC(C)CO,1.7143248637764144
CC(C)CO,1.6906839539483067
CC(Cl)CCl,2.9453547975567793
CC(Cl)CCl,2.9453547975567793
CC(Cl)CCl,2.903030482834498
CC(Cl)CCl,2.9453547975567793
CC(N)CN,1.7669501432046124
CC(N)CN,1.7659230371320969
CC(N)CN,1.8654053843054113
CC(N)CN,1.8654053843054113
CCC(C)O,1.304994836989387
CCC(C)=O,1.3498234083742202
CCC(C)=O,1.3498234083742202
CCC(C)=O,1.3498234083742202
CC(O)CN,1.474056699138653
CC(O)CN,1.474056699138653
CC(O)C#N,5.000226959134756
CC(O)C#N,4.897242798414506
ClCC(Cl)Cl,3.20865351276307
ClCC(Cl)Cl,3.20865351276307
ClCC(Cl)Cl,3.20865351276307
ClC=C(Cl)Cl,3.2888807728392777
ClC=C(Cl)Cl,3.504062826089603
ClC=C(Cl)Cl,3.469218645846985
ClC=C(Cl)Cl,3.465297224333892
ClC=C(Cl)Cl,3.441559377379106
ClC=C(Cl)Cl,3.4604447215394796
ClC=C(Cl)Cl,3.504062826089603
NC(=O)C=C,2.8140588099132082
NC(=O)C=C,2.6725083605606623
NC(=O)C=C,2.7580636226915964
NC(=O)C=C,2.7580636226915964
NC(=O)C=C,2.8140588099132082
NC(=O)C=C,2.772304061806207
NNC(N)=S,3.641075491419252
NNC(N)=S,3.641075491419252
COC(C)=O,2.258787355779055
COC(C)=O,2.258787355779055
COC(C)=O,2.3642975405490287
COC(C)=O,2.3642975405490287
COC(C)=O,2.2673875275409725
COC(C)=O,2.2684746231821866
ClC(Cl)C(Cl)Cl,3.9123269463222443
ClC(Cl)C(Cl)Cl,3.9101928168095585
CC(C)[N+]([O-])=O,2.6274033068484215
CC(=O)\C=C\C1=C(C)CCCC1(C)C,4.576925805200767
CC(C)(C1=CC(Br)=C(O)C(Br)=C1)C1=CC(Br)=C(O)C(Br)=C1,6.9540470957159295
CC(C)(C1=CC(Br)=C(O)C(Br)=C1)C1=CC(Br)=C(O)C(Br)=C1,5.880939997380497
CC(C)(C1=CC(Br)=C(O)C(Br)=C1)C1=CC(Br)=C(O)C(Br)=C1,5.78280833945466
CC(C)(C1=CC(Br)=C(O)C(Br)=C1)C1=CC(Br)=C(O)C(Br)=C1,5.715165006800793
CC(C)(C1=CC(Br)=C(O)C(Br)=C1)C1=CC(Br)=C(O)C(Br)=C1,5.706892480834802
CC(C)(C1=CC(Br)=C(O)C(Br)=C1)C1=CC(Br)=C(O)C(Br)=C1,5.999804586276604
CC(C)(C1=CC(Cl)=C(O)C(Cl)=C1)C1=CC(Cl)=C(O)C(Cl)=C1,5.43720098960733
CC(C)(C1=CC=C(O)C=C1)C1=CC=C(O)C=C1,4.695396068778418
CC(C)(C1=CC=C(O)C=C1)C1=CC=C(O)C=C1,4.686056042524275
CC(O)(C1=CC=C(Cl)C=C1)C1=CC=C(Cl)C=C1,5.2787968982220885
CC(O)(C1=CC=C(Cl)C=C1)C1=CC=C(Cl)C=C1,5.243081345955554
CC(O)(C1=CC=C(Cl)C=C1)C1=CC=C(Cl)C=C1,5.281910133646232
CC(O)(C1=CC=C(Cl)C=C1)C1=CC=C(Cl)C=C1,5.243081345955554
CCC(C)(C)C1=CC=C(O)C=C1,4.801862048875911
CCC(C)(C)C1=CC=C(O)C=C1,4.801862048875911
CCC(C)(C)C1=CC=C(O)C=C1,4.817221804285126
CC(C)(N)C1CCC(C)(N)CC1,3.415990996365363
COC(=O)C(C)=C,2.586927874657057
COC(=O)C(C)=C,2.8862842864314726
COC(=O)C(C)=C,2.366759183158723
COC(=O)C(C)=C,2.3374698070567352
COC(=O)C(C)=C,2.824136379682628
COC(=O)C(C)=C,2.798830514417858
COC(=O)C(C)=C,2.7961076560823845
COC(=O)C(C)=C,2.5074672497114716
COC(=O)C(C)=C,2.4950776604184033
COC(=O)C(C)=C,2.4561595943880334
COC(=O)C(C)=C,2.398167647410347
COC(=O)C(C)=C,2.3874437820185737
COC(=O)C(C)=C,2.5902945154070145
ClC(Cl)C1=C(Cl)C=CC=C1Cl,5.370985379160491
C1CC2=C3C1=CC=CC3=CC=C2,5.403837758779508
C1CC2=C3C1=CC=CC3=CC=C2,4.949695234923447
C1CC2=C3C1=CC=CC3=CC=C2,4.983621355396318
C1CC2=C3C1=CC=CC3=CC=C2,4.983621355396318
C1CC2=C3C1=CC=CC3=CC=C2,4.949695234923447
C1CC2=C3C1=CC=CC3=CC=C2,4.619539613985248
C1CC2=C3C1=CC=CC3=CC=C2,5.011650078996562
CC1=CNC2=C1C=CC=C2,4.17106262899297
COC1=CC2=C(C=C1OC)[C@H]1[C@@H](CO2)OC2=C(C=CC3=C2C[C@@H](O3)C(C)=C)C1=O,7.932894485910628
COC1=CC2=C(C=C1OC)[C@H]1[C@@H](CO2)OC2=C(C=CC3=C2C[C@@H](O3)C(C)=C)C1=O,6.776108382050334
COC1=CC2=C(C=C1OC)[C@H]1[C@@H](CO2)OC2=C(C=CC3=C2C[C@@H](O3)C(C)=C)C1=O,7.817501067208559
COC1=CC2=C(C=C1OC)[C@H]1[C@@H](CO2)OC2=C(C=CC3=C2C[C@@H](O3)C(C)=C)C1=O,7.941475775714242
COC1=CC2=C(C=C1OC)[C@H]1[C@@H](CO2)OC2=C(C=CC3=C2C[C@@H](O3)C(C)=C)C1=O,8.064173400549947
COC1=CC2=C(C=C1OC)[C@H]1[C@@H](CO2)OC2=C(C=CC3=C2C[C@@H](O3)C(C)=C)C1=O,6.443363973209146
O=C(OC1=CC=CC=C1)C1=CC=CC=C1C(=O)OC1=CC=CC=C1,6.599458949067584
CCOC(=O)C1=CC=CC=C1C(=O)OCC,4.121218175440902
CCOC(=O)C1=CC=CC=C1C(=O)OCC,4.116078535788491
CCOC(=O)C1=CC=CC=C1C(=O)OCC,3.844100337182332
CCOC(=O)C1=CC=CC=C1C(=O)OCC,4.116078535788491
CC(C)COC(=O)C1=C(C=CC=C1)C(=O)OCC(C)C,5.490039379630161
CC(C)COC(=O)C1=C(C=CC=C1)C(=O)OCC(C)C,5.490039379630161
CCCCOC(=O)C1=CC=CC=C1C(=O)OCCCC,5.480494061723931
CCCCOC(=O)C1=CC=CC=C1C(=O)OCCCC,5.256761168233023
CCCCOC(=O)C1=CC=CC=C1C(=O)OCCCC,5.514862963355194
CCCCOC(=O)C1=CC=CC=C1C(=O)OCCCC,5.402889203911261
CCCCOC(=O)C1=CC=CC=C1C(=O)OCCCC,5.33033853676265
CCCCOC(=O)C1=CC=CC=C1C(=O)OCCCC,5.33033853676265
CCCCOC(=O)C1=CC=CC=C1C(=O)OCCCC,4.847684793443026
CCCCOC(=O)C1=CC=CC=C1C(=O)OCCCC,5.459754575725694
CCCCOC(=O)C1=CC=CC=C1C(=O)OCCCC,5.514862963355194
CCCCOC(=O)C1=CC=CC=C1C(=O)OCCCC,5.402889203911261
CCCCOC(=O)C1=CC=CC=C1C(=O)OCCCC,5.402889203911261
CCCCOC(=O)C1=CC=CC=C1C(=O)OCCCC,5.514862963355194
CCCCOC(=O)C1=CC=CC=C1C(=O)OCCCC,4.967160634349824
CCCCOC(=O)C1=CC=CC=C1C(=O)OCCCC,5.138930519622862
CCCCCCOC(=O)C1=C(C=CC=C1)C(=O)OCCCCCC,6.524025170289192
[Br-].[Br-].C1C[N+]2=C(C=CC=C2)C2=[N+]1C=CC=C2,3.6502843095715085
[Br-].[Br-].C1C[N+]2=C(C=CC=C2)C2=[N+]1C=CC=C2,4.387817709046888
[Br-].[Br-].C1C[N+]2=C(C=CC=C2)C2=[N+]1C=CC=C2,4.387817709046888
[Br-].[Br-].C1C[N+]2=C(C=CC=C2)C2=[N+]1C=CC=C2,3.4200023924182896
CCCCOC(=O)C1=C(C=CC=C1)C(=O)OCC1=CC=CC=C1,5.318252822960055
CCCCOC(=O)C1=C(C=CC=C1)C(=O)OCC1=CC=CC=C1,5.172124787281817
CCCCOC(=O)C1=C(C=CC=C1)C(=O)OCC1=CC=CC=C1,5.128856097124836
CCCCOC(=O)C1=C(C=CC=C1)C(=O)OCC1=CC=CC=C1,5.128856097124836
CCCCOC(=O)C1=C(C=CC=C1)C(=O)OCC1=CC=CC=C1,4.770068212414947
CCCCOC(=O)C1=C(C=CC=C1)C(=O)OCC1=CC=CC=C1,5.172124787281817
CCCCOC(=O)C1=CC=CC=C1C(=O)OCC(CC)CCCC,6.4448439242415665
COP(=S)(OC)SCN1N=NC2=C(C=CC=C2)C1=O,5.222313566001941
COP(=S)(OC)SCN1N=NC2=C(C=CC=C2)C1=O,5.768673407131802
COP(=S)(OC)SCN1N=NC2=C(C=CC=C2)C1=O,5.542025774633676
COP(=S)(OC)SCN1N=NC2=C(C=CC=C2)C1=O,5.4757613016899995
COP(=S)(OC)SCN1N=NC2=C(C=CC=C2)C1=O,5.421885920907145
COP(=S)(OC)SCN1N=NC2=C(C=CC=C2)C1=O,5.336714311170333
COP(=S)(OC)SCN1N=NC2=C(C=CC=C2)C1=O,5.211032555592252
COP(=S)(OC)SCN1N=NC2=C(C=CC=C2)C1=O,5.204401976693239
COP(=S)(OC)SCN1N=NC2=C(C=CC=C2)C1=O,5.183003831992009
COP(=S)(OC)SCN1N=NC2=C(C=CC=C2)C1=O,5.164607433106241
COP(=S)(OC)SCN1N=NC2=C(C=CC=C2)C1=O,5.1355791820638705
COP(=S)(OC)SCN1N=NC2=C(C=CC=C2)C1=O,5.108370213695104
COP(=S)(OC)SCN1N=NC2=C(C=CC=C2)C1=O,5.097946645778952
COP(=S)(OC)SCN1N=NC2=C(C=CC=C2)C1=O,5.037174177968863
COP(=S)(OC)SCN1N=NC2=C(C=CC=C2)C1=O,4.9878495668868315
COP(=S)(OC)SCN1N=NC2=C(C=CC=C2)C1=O,6.694887192970882
COP(=S)(OC)SCN1N=NC2=C(C=CC=C2)C1=O,6.532584218400835
COP(=S)(OC)SCN1N=NC2=C(C=CC=C2)C1=O,5.668558254248533
COP(=S)(OC)SCN1N=NC2=C(C=CC=C2)C1=O,6.50106716695477
COP(=S)(OC)SCN1N=NC2=C(C=CC=C2)C1=O,6.296947184298845
COP(=S)(OC)SCN1N=NC2=C(C=CC=C2)C1=O,6.270618245576496
COP(=S)(OC)SCN1N=NC2=C(C=CC=C2)C1=O,5.537279339609214
COP(=S)(OC)SCN1N=NC2=C(C=CC=C2)C1=O,6.688153810311914
COP(=S)(OC)SCN1N=NC2=C(C=CC=C2)C1=O,6.129999304683034
COP(=S)(OC)SCN1N=NC2=C(C=CC=C2)C1=O,6.3308054515598124
COP(=S)(OC)SCN1N=NC2=C(C=CC=C2)C1=O,6.129999304683034
COP(=S)(OC)SCN1N=NC2=C(C=CC=C2)C1=O,6.034199546600661
COP(=S)(OC)SCN1N=NC2=C(C=CC=C2)C1=O,5.296947184298845
COP(=S)(OC)SCN1N=NC2=C(C=CC=C2)C1=O,6.932865442887775
COP(=S)(OC)SCN1N=NC2=C(C=CC=C2)C1=O,6.04928073143048
COP(=S)(OC)SCN1N=NC2=C(C=CC=C2)C1=O,6.028310717637558
COP(=S)(OC)SCN1N=NC2=C(C=CC=C2)C1=O,7.000007904737019
COP(=S)(OC)SCN1N=NC2=C(C=CC=C2)C1=O,6.915606437446269
[O-][N+](=O)C1=C2C=CC=CC2=CC=C1,4.778773289595057
[O-][N+](=O)C1=C2C=CC=CC2=CC=C1,4.283923267914963
[O-][N+](=O)C1=C2C=CC=CC2=CC=C1,4.283923267914963
C1C2=C(C=CC=C2)C2=C1C=CC=C2,3.2203127607807684
N1C2=CC=CC=C2C2=C1C=CC=C2,5.254424620275956
OC1=C(C=CC=C1)C(=O)NC1=CC=CC=C1,4.731943510672359
OC1=C(C=CC=C1)C(=O)NC1=CC=CC=C1,4.731943510672359
OC1=C(C=CC=C1)C(=O)NC1=CC=CC=C1,7.715756749579084
OC1=C(C=CC=C1)C(=O)NC1=CC=CC=C1,7.6753280925234755
OC1=C(C=CC=C1)C(=O)NC1=CC=CC=C1,7.638344526270306
OC1=C(C=CC=C1)C(=O)NC1=CC=CC=C1,7.536148916800565
OC1=C(C=CC=C1)C(=O)NC1=CC=CC=C1,7.4834425662845625
OC1=C(C=CC=C1)C(=O)NC1=CC=CC=C1,7.425450619306876
OC1=C(C=CC=C1)C(=O)NC1=CC=CC=C1,7.324219232516176
OC1=C(C=CC=C1)C(=O)NC1=CC=CC=C1,7.283217627512162
ClC1=CC=CC(Cl)=C1Cl,4.885887802525844
ClC(Cl)=C(Cl)C(Cl)=C(Cl)Cl,6.09955114698207
ClC(Cl)=C(Cl)C(Cl)=C(Cl)Cl,6.457062498598499
ClC(Cl)=C(Cl)C(Cl)=C(Cl)Cl,6.411305008037824
O[C@@H]1CO[C@@H](O)[C@@H](O)[C@@H]1O,0.5999028213923986
OC1=C(Cl)C(Cl)=C(Cl)C(Cl)=C1Cl,5.996470528907389
OC1=C(Cl)C(Cl)=C(Cl)C(Cl)=C1Cl,5.769105824535133
OC1=C(Cl)C(Cl)=C(Cl)C(Cl)=C1Cl,5.877284121188181
OC1=C(Cl)C(Cl)=C(Cl)C(Cl)=C1Cl,5.769105824535133
OC1=C(Cl)C(Cl)=C(Cl)C(Cl)=C1Cl,5.670073061555114
OC1=C(Cl)C(Cl)=C(Cl)C(Cl)=C1Cl,5.749254307602739
OC1=C(Cl)C(Cl)=C(Cl)C(Cl)=C1Cl,5.749254307602739
OC1=C(Cl)C(Cl)=C(Cl)C(Cl)=C1Cl,6.023412156866419
OC1=C(Cl)C(Cl)=C(Cl)C(Cl)=C1Cl,6.3074088132316195
OC1=C(Cl)C(Cl)=C(Cl)C(Cl)=C1Cl,6.275224129860218
OC1=C(Cl)C(Cl)=C(Cl)C(Cl)=C1Cl,6.078929484716251
OC1=C(Cl)C(Cl)=C(Cl)C(Cl)=C1Cl,6.059624329520863
OC1=C(Cl)C(Cl)=C(Cl)C(Cl)=C1Cl,6.023412156866419
OC1=C(Cl)C(Cl)=C(Cl)C(Cl)=C1Cl,5.9899884013794695
OC1=C(Cl)C(Cl)=C(Cl)C(Cl)=C1Cl,5.974194134196237
OC1=C(Cl)C(Cl)=C(Cl)C(Cl)=C1Cl,5.91620218721855
OC1=C(Cl)C(Cl)=C(Cl)C(Cl)=C1Cl,6.046603819528353
OC1=C(Cl)C(Cl)=C(Cl)C(Cl)=C1Cl,6.4274752505972454
OC1=C(Cl)C(Cl)=C(Cl)C(Cl)=C1Cl,6.037536799558025
OC1=C(Cl)C(Cl)=C(Cl)C(Cl)=C1Cl,6.04114092382685
OC1=C(Cl)C(Cl)=C(Cl)C(Cl)=C1Cl,5.877284121188181
OC1=C(Cl)C(Cl)=C(Cl)C(Cl)=C1Cl,5.942785669944613
OC1=C(Cl)C(Cl)=C(Cl)C(Cl)=C1Cl,6.074999191087818
OC1=C(Cl)C(Cl)=C(Cl)C(Cl)=C1Cl,5.8404271898628375
OC1=C(Cl)C(Cl)=C(Cl)C(Cl)=C1Cl,6.342170919490831
OC1=C(Cl)C(Cl)=C(Cl)C(Cl)=C1Cl,6.217232182882531
OC1=C(Cl)C(Cl)=C(Cl)C(Cl)=C1Cl,6.142598564585628
OC1=C(Cl)C(Cl)=C(Cl)C(Cl)=C1Cl,6.190903244160182
OC1=C(Cl)C(Cl)=C(Cl)C(Cl)=C1Cl,6.103288830575695
OC1=C(Cl)C(Cl)=C(Cl)C(Cl)=C1Cl,5.944230910818794
OC1=C(Cl)C(Cl)=C(Cl)C(Cl)=C1Cl,5.924422517465241
OC1=C(Cl)C(Cl)=C(Cl)C(Cl)=C1Cl,5.71378198944052
OC1=C(Cl)C(Cl)=C(Cl)C(Cl)=C1Cl,5.823656979612944
OC1=C(Cl)C(Cl)=C(Cl)C(Cl)=C1Cl,6.217232182882531
OC1=C(Cl)C(Cl)=C(Cl)C(Cl)=C1Cl,6.109598304482702
OC1=C(Cl)C(Cl)=C(Cl)C(Cl)=C1Cl,5.643200915154813
OC1=C(Cl)C(Cl)=C(Cl)C(Cl)=C1Cl,6.109598304482702
OC1=C(Cl)C(Cl)=C(Cl)C(Cl)=C1Cl,6.078929484716251
OC1=C(Cl)C(Cl)=C(Cl)C(Cl)=C1Cl,6.073047302490296
OC1=C(Cl)C(Cl)=C(Cl)C(Cl)=C1Cl,6.059624329520863
OC1=C(Cl)C(Cl)=C(Cl)C(Cl)=C1Cl,6.053996244512438
OC1=C(Cl)C(Cl)=C(Cl)C(Cl)=C1Cl,6.033962339199727
OC1=C(Cl)C(Cl)=C(Cl)C(Cl)=C1Cl,5.964986132409414
OC1=C(Cl)C(Cl)=C(Cl)C(Cl)=C1Cl,6.006378817567638
OC1=C(Cl)C(Cl)=C(Cl)C(Cl)=C1Cl,6.023412156866419
OC1=C(Cl)C(Cl)=C(Cl)C(Cl)=C1Cl,6.099132870804537
OC1=C(Cl)C(Cl)=C(Cl)C(Cl)=C1Cl,6.443628560249609
OC1=C(Cl)C(Cl)=C(Cl)C(Cl)=C1Cl,6.443628560249609
OC1=C(Cl)C(Cl)=C(Cl)C(Cl)=C1Cl,6.004711658200176
OC1=C(Cl)C(Cl)=C(Cl)C(Cl)=C1Cl,6.082895671933851
OC1=C(Cl)C(Cl)=C(Cl)C(Cl)=C1Cl,5.843860365701231
OC1=C(Cl)C(Cl)=C(Cl)C(Cl)=C1Cl,5.996470528907389
OC1=C(Cl)C(Cl)=C(Cl)C(Cl)=C1Cl,6.133550435608231
CCOC(=O)[C@H](O)[C@@H](O)C(=O)OCC,2.5011204620604217
OC1=C(Cl)C=C(Cl)C=C1Cl,6.292089739633994
OC1=C(Cl)C=C(Cl)C=C1Cl,4.634078342976881
OC1=C(Cl)C=C(Cl)C=C1Cl,4.330194265966143
OC1=C(Cl)C=C(Cl)C=C1Cl,4.634078342976881
OC1=C(Cl)C=C(Cl)C=C1Cl,4.844931708291774
OC1=C(Cl)C=C(Cl)C=C1Cl,4.854339176813605
OC1=C(Cl)C=C(Cl)C=C1Cl,4.3575912883904255
OC1=C(Cl)C=C(Cl)C=C1Cl,4.305318005367749
OC1=CC(=C(C=C1)[N+]([O-])=O)C(F)(F)F,4.355054208675408
OC1=CC(=C(C=C1)[N+]([O-])=O)C(F)(F)F,4.575637714914995
OC1=CC(=C(C=C1)[N+]([O-])=O)C(F)(F)F,4.862682064362201
NC(=O)C1=CC=CC=C1N,2.5371450624975926
NC(=O)C1=CC=CC=C1N,2.5371450624975926
NC(=O)C1=CC=CC=C1N,2.5371450624975926
CC1=CC=CC=C1[N+]([O-])=O,3.5674977735380065
CC1=CC=CC=C1[N+]([O-])=O,3.5674977735380065
CC1=CC=CC=C1[N+]([O-])=O,3.648009880435991
CC1=CC=CC=C1[N+]([O-])=O,3.8581180822002232
CC1=CC=CC=C1[N+]([O-])=O,3.557088086536242
OC1=C(C=CC=C1)[N+]([O-])=O,2.9389789907708948
CCC(C)C1=CC(=CC(=C1O)[N+]([O-])=O)[N+]([O-])=O,5.535248212787473
CCC(C)C1=CC(=CC(=C1O)[N+]([O-])=O)[N+]([O-])=O,6.266402900494893
CCC(C)C1=CC(=CC(=C1O)[N+]([O-])=O)[N+]([O-])=O,6.018618416784137
CCC(C)C1=CC(=CC(=C1O)[N+]([O-])=O)[N+]([O-])=O,6.176226270145805
CCC(C)C1=CC(=CC(=C1O)[N+]([O-])=O)[N+]([O-])=O,5.767562396081995
CCC(C)C1=CC(=CC(=C1O)[N+]([O-])=O)[N+]([O-])=O,5.535248212787473
CCC(C)C1=CC(=CC(=C1O)[N+]([O-])=O)[N+]([O-])=O,5.639983563307486
CCC(C)C1=CC(=CC(=C1O)[N+]([O-])=O)[N+]([O-])=O,6.435863580651561
CCC(C)C1=CC(=CC(=C1O)[N+]([O-])=O)[N+]([O-])=O,6.38034625280173
CCC(C)C1=CC(=CC(=C1O)[N+]([O-])=O)[N+]([O-])=O,6.426103743362405
CCC(C)C1=CC(=CC(=C1O)[N+]([O-])=O)[N+]([O-])=O,6.411863304247794
CCC(C)C1=CC(=CC(=C1O)[N+]([O-])=O)[N+]([O-])=O,6.204254993746049
CC1=CC(=C(N)C=C1)[N+]([O-])=O,3.7875592425300466
CC1=CC(=C(N)C=C1)[N+]([O-])=O,3.7875592425300466
CC(C)C1=CC=C(C)C=C1O,4.67124363281445
CC(C)C1=CC=C(C)C=C1O,4.553144320736456
OC1=CC=CC=C1C=O,4.724762902010737
OC1=CC=CC=C1C=O,4.724762902010737
OC1=CC=CC=C1C=O,4.688550729356293
OC1=CC=CC=C1C=O,4.7191348170023115
OC1=CC=CC=C1C=O,4.46324144763043
CC1=C2C=CC=CC2=CC=C1,4.199735157128553
CC1=C2C=CC=CC2=CC=C1,4.198285090733321
ClC1=C2C=CC=CC2=CC=C1,4.847850516303278
OC1=CC=CC2=CC=CC=C12,4.605867702415738
OC1=CC=CC2=CC=CC=C12,4.605867702415738
OC1=CC=CC2=CC=CC=C12,4.543638702494797
OC1=CC=CC2=CC=CC=C12,4.492954927509978
OC1=CC=CC2=CC=CC=C12,4.531170061935199
OC1=C(C=CC=C1)C1=CC=CC=C1,4.6991568766533724
OC1=C(C=CC=C1)C1=CC=CC=C1,4.441760677920211
OC1=C(C=CC=C1)C1=CC=CC=C1,4.453208971306316
OC1=C(Br)C=C(Br)C=C1C=O,5.514403672631977
OC1=C(Br)C=C(Br)C=C1C=O,5.514403672631977
C1=CC2=CC=CC=C2C=C1,4.417226235711763
C1=CC2=CC=CC=C2C=C1,4.110473067244896
C1=CC2=CC=CC=C2C=C1,4.319253944599109
C1=CC2=CC=CC=C2C=C1,4.209795224449835
C1=CC2=CC=CC=C2C=C1,4.319253944599109
C1=CC2=CC=CC=C2C=C1,4.323518736467542
C1=CC2=CC=CC=C2C=C1,4.80856923933057
C1=CC2=C(C=C1)N=CC=C2,3.2198048262335184
C1=CC2=C(C=C1)N=CC=C2,3.2198048262335184
C1=CC2=C(C=C1)N=CC=C2,3.4480265915416335
C1=CC2=C(C=C1)N=CC=C2,5.46733174673702
C1=CC2=C(C=C1)N=CC=C2,3.2198048262335184
COC1=C(C=CC=C1)[N+]([O-])=O,2.9574398732798626
COC1=C(C=CC=C1)[N+]([O-])=O,2.850157548686257
COC1=C(C=CC=C1)[N+]([O-])=O,2.956925610955825
COC1=C(C=CC=C1)[N+]([O-])=O,2.850358564418568
CCN(CC)C1CCCCC1,3.860386708845197
CCN(CC)C1=CC=CC=C1,3.958693356017932
CCN(CCO)C1=CC(C)=CC=C1,3.5297151126647948
NC1=C(Cl)C=C(C=C1)C1=CC(Cl)=C(N)C=C1,5.38024933331985
NC1=C(Cl)C=C(C=C1)C1=CC(Cl)=C(N)C=C1,5.127280783126109
NC1=C(Cl)C=C(C=C1)C1=CC(Cl)=C(N)C=C1,5.153465366027982
NC1=C(Cl)C=C(C=C1)C1=CC(Cl)=C(N)C=C1,5.083375297427026
NC1=C(Cl)C=C(C=C1)C1=CC(Cl)=C(N)C=C1,5.069000172474183
NC1=C(Cl)C=C(C=C1)C1=CC(Cl)=C(N)C=C1,4.95895886332534
NC1=C(Cl)C=C(C=C1)C1=CC(Cl)=C(N)C=C1,4.890893622183176
NC1=C(Cl)C=C(C=C1)C1=CC(Cl)=C(N)C=C1,5.158400583703494
C1=CC=C(C=C1)C1=CC=CC=C1,5.026373335817268
C1=CC=C(C=C1)C1=CC=CC=C1,4.719394007640085
C1=CC=C(C=C1)C1=CC=CC=C1,4.643673293701967
C1=CC=C(C=C1)C1=CC=CC=C1,4.897706726689725
C1=CC=C(C=C1)C1=CC=CC=C1,4.463465468451454
C1=CC=C(C=C1)C1=CC=CC=C1,4.899939608122017
CC(OC1=C(Cl)C=C(Cl)C(Cl)=C1)C(O)=O,4.229390316164818
CC(OC1=C(Cl)C=C(Cl)C(Cl)=C1)C(O)=O,4.160875674716228
CC(OC1=C(Cl)C=C(Cl)C(Cl)=C1)C(O)=O,4.3141040508124044
CC(OC1=C(Cl)C=C(Cl)C(Cl)=C1)C(O)=O,3.5647245429987855
CC(OC1=C(Cl)C=C(Cl)C(Cl)=C1)C(O)=O,3.5647245429987855
CC(OC1=C(Cl)C=C(Cl)C(Cl)=C1)C(O)=O,4.3141040508124044
CCOC(=O)C1=CC=CC=C1,4.142864569366527
CCOC(=O)C1=CC=CC=C1,4.35021352215265
CC(=O)CC(=O)C1=CC=CC=C1,5.168304800781858
CCOC(=O)C1=CC=C(N)C=C1,3.8043920089831613
CCOC(=O)C1=CC=C(N)C=C1,3.8043920089831613
CCOC(=O)C1=CC=C(N)C=C1,3.6232992226889866
CCOC(=O)C1=CC=C(N)C=C1,3.6232992226889866
CCOC(=O)C1=CC=C(N)C=C1,3.6686885110386256
CCOC(=O)C1=CC=C(N)C=C1,3.661389272297126
CCOC(=O)C1=CC=C(N)C=C1,3.6686885110386256
O=C(\C=C\C=C\C1=CC=C2OCOC2=C1)N1CCCCC1,4.560736741778706
ON=CC1=C(O)C=CC=C1,4.62766916082195
OC(=O)COC1=C(Cl)C=C(Cl)C=C1,2.922406520555854
OC(=O)COC1=C(Cl)C=C(Cl)C=C1,2.0478960428840187
OC(=O)COC1=C(Cl)C=C(Cl)C=C1,3.1248783248317054
OC(=O)COC1=C(Cl)C=C(Cl)C=C1,4.962151027334006
OC(=O)COC1=C(Cl)C=C(Cl)C=C1,3.228418916738775
OC(=O)COC1=C(Cl)C=C(Cl)C=C1,3.218510628078526
OC(=O)COC1=C(Cl)C=C(Cl)C=C1,2.837212290725706
CC1=C(OCCCC(O)=O)C=CC(Cl)=C1,4.261130198491746
CC1=C(OCCCC(O)=O)C=CC(Cl)=C1,4.261130198491746
OC(=O)CCCOC1=CC=C(Cl)C=C1Cl,4.139180400746835
OC(=O)CCCOC1=CC=C(Cl)C=C1Cl,4.139180400746835
OC1=CC(O)=C(C=O)C=C1,4.022707522423029
OC1=CC(O)=C(C=O)C=C1,4.022707522423029
OC1=CC(O)=C(C=O)C=C1,3.9938507824005547
N1N=NC2=C1C=CC=C2,3.2628100134947298
S1C=NC2=CC=CC=C12,3.3241996991349447
S1C=NC2=CC=CC=C12,3.3194753924501312
CC1=C(C)C=CC=C1,3.8107824997151507
CC1=C(C)C=CC=C1,3.8188004717309987
CC1=C(C)C=CC=C1,3.8107824997151507
CC1=C(O)C=CC=C1,3.7735835873590364
CC1=C(O)C=CC=C1,3.8875269396658734
CC1=C(O)C=CC=C1,3.9350112495270544
CC1=C(O)C=CC=C1,3.9332844302265486
CC1=C(O)C=CC=C1,3.906550176979304
CC1=C(O)C=CC=C1,3.502176058301856
CC1=C(Cl)C=CC=C1,4.228295704959075
ClC1=C(Cl)C=CC=C1,3.085079403061936
ClC1=C(Cl)C=CC=C1,3.40838579343707
ClC1=C(Cl)C=CC=C1,3.40838579343707
ClC1=C(Cl)C=CC=C1,4.187910670106287
ClC1=C(Cl)C=CC=C1,4.1869944366822685
ClC1=C(Cl)C=CC=C1,4.38394333696941
ClC1=C(Cl)C=CC=C1,4.187910670106287
ClC1=C(Cl)C=CC=C1,3.40838579343707
NC1=C(Cl)C=CC=C1,4.393750903183781
NC1=C(Cl)C=CC=C1,4.393750903183781
NC1=C(Cl)C=CC=C1,4.351819820476159
NC1=C(Cl)C=CC=C1,4.339692135905267
NC1=C(Cl)C=CC=C1,4.339692135905267
NC1=C(Cl)C=CC=C1,4.349519932584578
NC1=C(Cl)C=CC=C1,4.347993412623106
CC1=C(F)C=CC=C1,3.756045280914366
CC1=C(F)C=CC=C1,3.749346518565664
CC1=C(N)C=CC=C1,3.119591450568091
OC1=CC=CC=C1Cl,4.133630160011426
OC1=CC=CC=C1Cl,3.9673406970374456
OC1=CC=CC=C1Cl,4.133630160011426
OC1=CC=CC=C1Cl,4.065827098280457
OC1=CC=CC=C1Cl,3.9932764311318456
OC1=CC=CC=C1Cl,4.041640068710234
OC1=CC=CC=C1Cl,4.0427617942117635
OC1=CC=CC=C1Cl,3.9458517812037073
OC1=CC=CC=C1Cl,3.9610917477604444
OC1=CC=CC=C1Cl,3.9030998007827575
OC1=CC=CC=C1Cl,4.1829404973768005
CC1=CC(C)=C(C)C=C1,4.1919036496413415
CC1=C(C)C=C(O)C=C1,3.940492168812455
CC1=CC(Cl)=C(Cl)C=C1,4.740185341615872
CC1=CC(Cl)=C(Cl)C=C1,4.740185341615872
NC1=CC(Cl)=C(Cl)C=C1,4.362294489722316
NC1=CC(Cl)=C(Cl)C=C1,4.320280940295516
NC1=CC(Cl)=C(Cl)C=C1,4.300436623662907
NC1=CC(Cl)=C(Cl)C=C1,4.328824713838809
NC1=CC(Cl)=C(Cl)C=C1,4.328824713838809
NC1=CC(Cl)=C(Cl)C=C1,4.208512327044299
NC1=CC(Cl)=C(Cl)C=C1,4.361673625453741
NC1=CC(Cl)=C(Cl)C=C1,4.361673625453741
NC1=CC(Cl)=C(Cl)C=C1,4.300436623662907
NC1=CC(Cl)=C(Cl)C=C1,4.362294489722316
NC1=CC(Cl)=C(Cl)C=C1,4.362294489722316
NC1=CC(Cl)=C(Cl)C=C1,4.320280940295516
NC1=CC(Cl)=C(Cl)C=C1,4.458583638461797
NC1=CC(Cl)=C(Cl)C=C1,4.327102459835944
CC1=C(N)C=C(N)C=C1,1.9343718227848963
CC1=C(N)C=C(N)C=C1,1.9343718227848963
CC1=C(N)C=C(N)C=C1,1.928297675072703
NC1=C(Cl)C=CC(Cl)=C1,4.986663577427943
ClC1=CC(Cl)=C(Cl)C=C1Cl,5.825042656025786
OC1=C(Cl)C=C(Cl)C(Cl)=C1,4.855927092593237
OC1=C(Cl)C=C(Cl)C(Cl)=C1,5.336883202092052
OC1=C(Cl)C=C(Cl)C(Cl)=C1,5.188286018678037
CC(=C)C(=O)OCC=C,5.104969942523958
CC(=C)C(=O)OCC=C,5.104969942523958
CC(=C)C(=O)OCC=C,5.104969942523958
C1OC1C1=CC=CC=C1,4.422333496600781
C1OC1C1=CC=CC=C1,4.050005571772675
C1OC1C1=CC=CC=C1,3.6594336009681268
C1OC1C1=CC=CC=C1,4.430054490745743
OCC(Br)CBr,3.4829511215358133
OCC(Br)CBr,3.4829511215358133
CCC(C)C=O,3.9361726141056903
ClCC(Cl)CCl,3.7264406910761343
ClCC(Cl)CCl,3.4037687704733104
ClCC(Cl)CCl,3.319714078150841
ClCC(Cl)CCl,3.4583275416126034
ClCC(Cl)CCl,3.3413696085934177
CCC(=O)CC,1.7473470515808829
CCC(=O)CC,1.7473470515808829
CCC(=O)CC,1.750176341599747
CCC(C)=NO,2.014033058530329
CCC(C)=NO,2.014033058530329
CCC(C)=NO,2.0099310730704834
COC(=O)C=C,4.614537859199343
COC(=O)C=C,4.610401690012704
CC(C)N(CCO)C(C)C,2.858611001872112
NC1=C(C=C(C=C1)[N+]([O-])=O)[N+]([O-])=O,4.0835406001659065
NC1=C(C=C(C=C1)[N+]([O-])=O)[N+]([O-])=O,4.0835406001659065
NC1=C(C=C(C=C1)[N+]([O-])=O)[N+]([O-])=O,4.072185849288784
NC1=C(C=C(C=C1)[N+]([O-])=O)[N+]([O-])=O,4.072185849288784
NC1=C(C=C(C=C1)[N+]([O-])=O)[N+]([O-])=O,4.1102292030760195
OC1=CC=C(Cl)C=C1CC1=CC(Cl)=CC=C1O,5.936782474566603
OC1=CC=C(Cl)C=C1CC1=CC(Cl)=CC=C1O,5.936782474566603
COC1=C(O)C=CC(CC=C)=C1,3.8348542772766545
O=CC1=CC=CO1,3.7755409336559316
O=CC1=CC=CO1,3.660147514953862
O=CC1=CC=CO1,3.4772168313678753
[I-].C[N+](C)(C)C1=CC=CC=C1,3.034377707157506
CC(C)(C)C1=CC=C(O)C=C1,4.464586382093165
CC(C)(C)C1=CC=C(O)C=C1,4.46543049213908
CC(C)C1=CC=CC=C1,4.278803871694692
CC(=O)C1=CC=CC=C1,2.706477346487778
CC(=O)C1=CC=CC=C1,2.8698743349152536
CC(=O)C1=CC=CC=C1,2.8698743349152536
CC(=O)C1=CC=CC=C1,2.889057651287593
ClC(=O)C1=CC=CC=C1,3.6058075335047977
ClC(=O)C1=CC=CC=C1,3.6133826293031737
ClC(=O)C1=CC=CC=C1,3.6058075335047977
ClC(=O)C1=CC=CC=C1,3.6133826293031737
ClC(=O)C1=CC=CC=C1,3.6058075335047977
[O-][N+](=O)C1=CC=CC=C1,3.0144712227842114
[O-][N+](=O)C1=CC=CC=C1,3.0218323224305803
[O-][N+](=O)C1=CC=CC=C1,3.4455795947089034
[O-][N+](=O)C1=CC=CC=C1,3.0144712227842114
[O-][N+](=O)C1=CC=CC=C1,2.9760748318699055
[O-][N+](=O)C1=CC=CC=C1,3.090018184176742
CC(=O)C1=CC=CC(N)=C1,2.54849043711483
CC1=CC(=CC=C1)[N+]([O-])=O,3.624988322174178
CC1=CC(=CC=C1)[N+]([O-])=O,3.624988322174178
CC1=CC(=CC=C1)[N+]([O-])=O,3.728631717841203
CC1=CC(=CC=C1)[N+]([O-])=O,3.6480390487706518
CC1=CC(=CC=C1)[N+]([O-])=O,3.8581180822002232
CC1=CC(=CC=C1)[N+]([O-])=O,3.65975042843339
[O-][N+](=O)C1=CC(=CC(=C1)[N+]([O-])=O)[N+]([O-])=O,5.286991372969087
[O-][N+](=O)C1=CC(=CC(=C1)[N+]([O-])=O)[N+]([O-])=O,5.286991372969087
[O-][N+](=O)C1=CC(=CC(=C1)[N+]([O-])=O)[N+]([O-])=O,5.3155468334221405
[O-][N+](=O)C1=CC(=CC(=C1)[N+]([O-])=O)[N+]([O-])=O,5.638187978098799
CC1=CC(=CC=C1N)[N+]([O-])=O,3.2439918258800526
CC1=CC(=CC=C1N)[N+]([O-])=O,3.2439918258800526
CC1=C(N)C=C(C=C1)[N+]([O-])=O,3.344422485120752
CC1=C(N)C=C(C=C1)[N+]([O-])=O,3.344422485120752
CC1=C(N)C=C(C=C1)[N+]([O-])=O,3.6931782889738622
CC1=C(N)C=C(C=C1)[N+]([O-])=O,3.903257322403434
CC1=C(N)C=C(C=C1)[N+]([O-])=O,3.3289213935043973
[O-][N+](=O)C1=CC=CC(C=O)=C1,4.415626438240891
[O-][N+](=O)C1=CC=CC(C=O)=C1,4.415626438240891
[O-][N+](=O)C1=CC(=CC=C1)[N+]([O-])=O,4.380255461516603
[O-][N+](=O)C1=CC(=CC=C1)[N+]([O-])=O,4.380255461516603
[O-][N+](=O)C1=CC(=CC=C1)[N+]([O-])=O,4.023956377210408
[O-][N+](=O)C1=CC(=CC=C1)[N+]([O-])=O,4.121549780574903
[O-][N+](=O)C1=CC(=CC=C1)[N+]([O-])=O,4.379635483564201
[O-][N+](=O)C1=CC(=CC=C1)[N+]([O-])=O,4.287822869827206
[O-][N+](=O)C1=CC(=CC=C1)[N+]([O-])=O,4.526383497194841
[O-][N+](=O)C1=CC(=CC=C1)[N+]([O-])=O,4.356121781799883
[O-][N+](=O)C1=CC(=CC=C1)[N+]([O-])=O,4.000044219804997
CC(C)C1=CC=C(C)CC1,4.635627978689133
CN(C)C1=CC=C(C)C=C1,3.408036854488682
CN(C)C1=CC=C(C)C=C1,3.4679129453409203
CN(C)C1=CC=C(C)C=C1,3.414667433387695
CC1=CC=C(C=C1)[N+]([O-])=O,3.4387711375296623
CC1=CC=C(C=C1)[N+]([O-])=O,3.44051529441972
CC1=CC=C(C=C1)[N+]([O-])=O,3.44051529441972
CC1=CC=C(C=C1)[N+]([O-])=O,3.7602947260965403
CC1=CC=C(C=C1)[N+]([O-])=O,3.6480390487706518
CC1=CC=C(C=C1)[N+]([O-])=O,3.8581180822002232
CC1=CC=C(C=C1)[N+]([O-])=O,3.4387711375296623
NC1=CC=C(C=C1)[N+]([O-])=O,3.0431041476525613
NC1=CC=C(C=C1)[N+]([O-])=O,3.132266382659878
NC1=CC=C(C=C1)[N+]([O-])=O,3.114298776759277
NC1=CC=C(C=C1)[N+]([O-])=O,3.1314139888987
NC1=CC=C(C=C1)[N+]([O-])=O,3.1147082953958476
NC1=CC=C(C=C1)[N+]([O-])=O,3.0431041476525613
OC1=CC=C(C=C1)[N+]([O-])=O,3.660225389818066
OC1=CC=C(C=C1)[N+]([O-])=O,3.660225389818066
OC1=CC=C(C=C1)[N+]([O-])=O,3.614182273149165
OC1=CC=C(C=C1)[N+]([O-])=O,3.571390141618132
OC1=CC=C(C=C1)[N+]([O-])=O,3.375201357408729
OC1=CC=C(C=C1)[N+]([O-])=O,3.5303151167070843
OC1=CC=C(C=C1)[N+]([O-])=O,3.3722469617846755
OC1=CC=C(C=C1)[N+]([O-])=O,3.350707283928566
OC1=CC=C(C=C1)[N+]([O-])=O,3.4147451914055913
CN(C)C1=CC=C(C=O)C=C1,3.5135150228673178
[O-][N+](=O)C1=CC=C(C=C1)[N+]([O-])=O,4.9949045801525855
[O-][N+](=O)C1=CC=C(C=C1)[N+]([O-])=O,4.9949045801525855
[O-][N+](=O)C1=CC=C(C=C1)[N+]([O-])=O,5.4044955120911595
[O-][N+](=O)C1=CC=C(C=C1)[N+]([O-])=O,5.4044955120911595
[O-][N+](=O)C1=CC=C(C=C1)[N+]([O-])=O,5.374095152811784
[O-][N+](=O)C1=CC=C(C=C1)[N+]([O-])=O,5.445036189390708
CCN(CC)CCO,1.818193870612763
CCC1=CC=CC=C1,3.9500793863703176
CCC1=CC=CC=C1,4.066584955441755
CCC1=CC=CC=C1,4.067062464540881
CCC1=CC=CC=C1,3.9428409774463984
CCC1=CC=CC=C1,3.3992859803878064
CCC1=CC=CC=C1,3.339884609160585
C=CC1=CC=CC=C1,4.406634510504766
C=CC1=CC=CC=C1,4.021659478997096
C=CC1=CC=CC=C1,4.0172946735946455
C=CC1=CC=CC=C1,4.413068620510176
C=CC1=CC=CC=C1,3.5548966756956895
C=CC1=CC=CC=C1,3.5121446952747397
C=CC1=CC=CC=C1,3.3506831051756154
C=CC1=CC=CC=C1,3.244239980230383
C=CC1=CC=CC=C1,3.3507766930397644
ClCC1=CC=CC=C1,4.401481973371349
ClCC1=CC=CC=C1,4.03599398848045
ClCC1=CC=CC=C1,4.3183557474149445
ClCC1=CC=CC=C1,4.401481973371349
ClCC1=CC=CC=C1,4.428354119771651
ClCC1=CC=CC=C1,4.401481973371349
NCC1=CC=CC=C1,3.0210818244002415
N#CC1=CC=CC=C1,2.882681350473185
N#CC1=CC=CC=C1,3.1209205162777107
OCC1=CC=CC=C1,2.369954049954463
OCC1=CC=CC=C1,2.3708971436625372
O=CC1=CC=CC=C1,4.144092699695616
O=CC1=CC=CC=C1,4.144092699695616
O=CC1=CC=CC=C1,3.9182673868183198
O=CC1=CC=CC=C1,3.9320556713039534
O=CC1=CC=CC=C1,3.7467237555133592
O=CC1=CC=CC=C1,3.6105040084953703
CNC1=CC=CC=C1,3.029681996162159
CNC1=CC=CC=C1,3.029681996162159
ON=C1CCCCC1,2.735338072644777
ON=C1CCCCC1,2.735338072644777
ON=C1CCCCC1,2.739534187238385
N#CC1=NC=CC=C1,2.1562530704062097
N#CC1=NC=CC=C1,2.1562530704062097
CCC1=NC=CC=C1,2.4126816550412604
CC1(C)OCC(CO)O1,0.8981161051943838
CC1(C)OCC(CO)O1,0.8981161312000406
C1N2CN3CN1CN(C2)C3,0.44922800020535975
C1N2CN3CN1CN(C2)C3,0.44922800020535975
C1N2CN3CN1CN(C2)C3,0.4501009542317452
ClC1=CC=C(NC(=O)NC2=CC=C(Cl)C(Cl)=C2)C=C1,6.533111454941134
BrC1=CC=C(OC2=CC=CC=C2)C=C1,5.713181857891527
BrC1=CC=C(OC2=CC=CC=C2)C=C1,5.568348292566288
O(C1=CC=CC=C1)C1=CC=CC=C1,4.628575802367665
O(C1=CC=CC=C1)C1=CC=CC=C1,4.629662898008879
S=C(NC1=CC=CC=C1)NC1=CC=CC=C1,4.081610394133897
CCNC1=CC(C)=CC=C1,3.4360655780889258
CCNC1=CC(C)=CC=C1,3.4360655780889258
CCCN(CCC)CCC,3.449126354668627
OCCN(CCO)CCO,1.1016107629049219
CC(C)(O)CCC1=CC=CC=C1,3.3929937335891456
CCCCC(CC)COC(=O)C=C,4.945016781479837
CCCCC(CC)COC(=O)CCCCC(=O)OCC(CC)CCCC,5.676468855160247
OCCN1CCNCC1,1.3074546937059373
CN(C)CC1=CC=CC=C1,3.553178977185269
CC(=O)NC1=CC=C(O)C=C1,2.268534644818018
CC(=O)NC1=CC=C(O)C=C1,2.268534644818018
CC(=O)NC1=CC=C(O)C=C1,2.269603020466044
CCCCC1=CC=C(N)C=C1,4.164937032303713
CCCCCCCCCC1=CC=C(O)C=C1,5.911419459167732
CCCCCCCCCC1=CC=C(O)C=C1,6.1123343019484455
CCCCCCCCCC1=CC=C(O)C=C1,5.880385225427763
CCCCCCCCCC1=CC=C(O)C=C1,6.0205639285928
CCCCCCCCCC1=CC=C(O)C=C1,5.8514215294924465
CCCCCCCCCC1=CC=C(O)C=C1,5.824269283448832
CCCCCCCCCC1=CC=C(O)C=C1,5.786480722559432
CCCCCCCCCC1=CC=C(O)C=C1,6.1966551876484814
CCCCCCCCCC1=CC=C(O)C=C1,5.911419459167732
CCCCCCCCCC1=CC=C(O)C=C1,6.209244314956502
CCCCC1=CC=CC=C1,4.828606630294805
CCCCC(CC)CO,3.6641475617445805
ClC1=CC=C(C=O)C=C1,4.8037143274734655
ClC1=CC=C(C=O)C=C1,4.8037143274734655
ClC1=CC=C(C=O)C=C1,4.8037143274734655
CCC1=CN=C(C)C=C1,3.1740843740873026
CCC1=CN=C(C)C=C1,3.1740843740873026
CCN(CC)CCCC(C)=O,2.669965889238026
CCOC(=O)CC,3.1637919034591313
CCOC(=O)CC(=O)OCC,4.170895845090594
CCOC(=O)CC(=O)OCC,4.011195002223081
CCOC(=O)CC(=O)OCC,4.170895845090594
CCOC(=O)CC(=O)OCC,4.013987902407251
CCOC(=O)CC(=O)OCC,4.01679887974108
CCOC(=O)CC(=O)OCC,4.01679887974108
CCOC(=O)CC(=O)OCC,3.9637703522949437
CCOC(=O)CC(=O)OCC,4.132437593271418
CCOC(=O)CC(=O)OCC,4.031133332165269
CC1=CC(C)=C(O)C=C1,3.8990994836542296
CC1=CC(C)=C(O)C=C1,3.828941629621508
CC1=CC(C)=C(O)C=C1,3.8990994836542296
CC1=CC(C)=C(O)C=C1,3.8665121164506377
CC1=CC(C)=C(O)C=C1,3.828941629621508
CC1=CC(C)=C(O)C=C1,3.856171283112419
CC1=CC(C)=C(O)C=C1,3.8691362602767865
CC1=CC(C)=C(O)C=C1,3.8665121164506377
CCCCOC(=O)\C=C\C(=O)OCCCC,5.506935776810611
CCCCOC(=O)\C=C\C(=O)OCCCC,5.506935776810611
CCCCOC(=O)\C=C\C(=O)OCCCC,5.552014151545799
CCCCOC(=O)\C=C\C(=O)OCCCC,5.6870212828146025
CCCCOC(=O)\C=C\C(=O)OCCCC,5.52313802380957
CCCCOC(=O)\C=C\C(=O)OCCCC,5.477380533248895
CCCCOC(=O)\C=C\C(=O)OCCCC,5.519345034792431
CCCCOC(=O)CCCCC(=O)OCCCC,4.850826443078638
CC(C)=CCC\C(C)=C\CO,4.682753444467662
CC(C)=CCC\C(C)=C\CO,4.488933418451548
BrC1=CC=C(Br)C=C1,5.279065642542054
NC1=CC=C(Br)C=C1,3.5562221394362785
NC1=CC=C(Br)C=C1,3.5562221394362785
CC1=CC=C(C)C=C1,4.101347061700967
CC1=CC=C(C)C=C1,4.077702727931122
CC1=CC=C(C)C=C1,4.07966564418528
CC1=CC=C(Cl)C=C1,4.328130270984449
CC1=CC=C(O)C=C1,3.5772889422150684
CC1=CC=C(O)C=C1,3.8161710311302053
CC1=CC=C(O)C=C1,3.7549013743912822
CC1=CC=C(O)C=C1,3.8188111272964136
ClC1=CC=C(Cl)C=C1,4.096074787363399
ClC1=CC=C(Cl)C=C1,4.011972304726505
ClC1=CC=C(Cl)C=C1,4.607958148342274
ClC1=CC=C(Cl)C=C1,4.5410113587116605
ClC1=CC=C(Cl)C=C1,4.784049407397955
ClC1=CC=C(Cl)C=C1,3.6366307482382223
ClC1=CC=C(Cl)C=C1,3.6871393943898987
ClC1=CC=C(Cl)C=C1,4.784049407397955
ClC1=CC=C(Cl)C=C1,3.626441554036287
ClC1=CC=C(Cl)C=C1,3.6871393943898987
ClC1=CC=C(Cl)C=C1,4.616485943721739
ClC1=CC=C(Cl)C=C1,4.607958148342274
ClC1=CC=C(Cl)C=C1,4.096074787363399
ClC1=CC=C(Cl)C=C1,4.011972304726505
ClC1=CC=C(Cl)C=C1,4.709415789101051
ClC1=CC=C(Cl)C=C1,4.562200657781599
ClC1=CC=C(Cl)C=C1,4.556805625894892
ClC1=CC=C(Cl)C=C1,4.607958148342274
ClC1=CC=C(Cl)C=C1,4.562200657781599
ClC1=CC=C(Cl)C=C1,4.096074787363399
ClC1=CC=C(Cl)C=C1,4.011972304726505
ClC1=CC=C(Cl)C=C1,4.784049407397955
ClC1=CC=C(Cl)C=C1,3.626441554036287
OC1=CC=C(Cl)C=C1,4.321178573196128
OC1=CC=C(Cl)C=C1,4.527436186821872
OC1=CC=C(Cl)C=C1,4.50515979211072
OC1=CC=C(Cl)C=C1,4.408249779102664
OC1=CC=C(Cl)C=C1,4.318344667663266
CC1=CC=C(N)C=C1,2.7966858857700054
CC1=CC=C(N)C=C1,2.856495727749885
CC1=CC=C(N)C=C1,2.8310249092077364
O=C1C=CC(=O)C=C1,7.334538709210215
CC(C)COC(=O)C=C,4.783211509862301
CC(C)COC(=O)C=C,4.78734767904894
CC(C)COC(=O)C=C,4.107493965159994
CC(C)COC(=O)C=C,4.78734767904894
CC(C)COC(=O)C=C,4.78734767904894
CC(C)COC(=O)C=C,4.783211509862301
CC(C)COC(=O)C=C,4.78734767904894
ClCC1CO1,3.9384956159902473
ClCC1CO1,3.859997760299061
ClCC1CO1,3.8432275500491677
ClCC1CO1,3.859997760299061
ClCC1CO1,3.926374983314394
ClCC1CO1,3.9552013094931002
ClCC1CO1,3.9426121821850795
ClCC1CO1,3.7436933932149623
CCCBr,3.2582490413993175
C=CC=O,5.963061446575342
C=CC=O,6.095178767810766
C=CC=O,6.447361285922128
C=CC=O,6.4583566702235915
C=CC=O,6.602263245907872
C=CC=O,6.602263245907872
C=CC=O,5.687693441232498
C=CC=O,6.275634832268897
C=CC=O,6.317027517427122
C=CC=O,5.572300022530428
ClCC=C,3.5841939882041687
ClCC=C,3.5006479367540937
ClCC=C,3.584632891204539
ClCC=C,3.5841939882041687
ClCC=C,3.5006479367540937
ClCCCl,2.8575497910508654
ClCCCl,2.854368132264676
ClCCCl,2.9266307101941647
ClCCCl,2.915541738028552
ClCCCl,2.8575497910508654
OCCCl,3.316518384279046
OCCCl,3.0327017836717745
OCCCl,3.004380507361308
OCCCl,3.0327017836717745
OCCCl,3.3349039648838064
OCCCl,3.039188311992941
OCCCl,3.3349039648838064
OCCCl,3.077030886249975
OCCCl,2.85388766628062
OCCCl,3.309819621930344
OCCCl,3.19981431083214
OCCCl,2.9803802309575413
OCCCl,3.306508593324341
OCCCl,3.3187744645832704
OCCCl,3.3131560876250936
CCCN,2.2828419810622096
CCCN,2.2828419810622096
NCC=C,4.434096102314563
CCC#N,1.5588521894624214
C=CC#N,3.4668147898067834
C=CC#N,3.7201719908933253
C=CC#N,3.569157327210906
C=CC#N,3.8002140786140863
C=CC#N,3.193014447633713
C=CC#N,6.800214078614086
C=CC#N,3.57836532899773
C=CC#N,3.193014447633713
ClCC#N,4.744655550917632
ClCC#N,4.744655550917632
NCCN,2.4564292872521225
NCCN,2.7141905927591234
NCCN,2.7153152230342923
NCCN,2.7141905927591234
NCCN,2.4362259011638354
OCC=C,5.258591379004564
OCC=C,5.258591379004564
OCC=C,5.258591379004564
OCC=C,5.259950674267288
OCC#C,4.59002878949086
OCC#C,4.5636998507685105
OCCO,0.0700153212948011
OCCO,-0.041771459852919156
OCCO,-0.04933556076150055
OCCO,0.10245316380009974
OCCO,0.06837337422782432
OCCO,0.03677438815612199
OCCO,0.886853363460745
OCCO,-0.07007828448936128
O=CC=O,2.431030559838645
C\C=N\O,2.8903115251646305
CC(O)CC(C)(C)O,1.1332278400574296
CC(O)CC(C)(C)O,1.0428638388208864
CC(O)CC(C)(C)O,1.0428638388208864
CC(O)CC(C)(C)O,1.0388238610191463
CC(O)CC(C)(C)O,1.1332278400574296
CC(C)(C)CC(C)(C)N,3.720165186796999
CC(C)(C)SC(C)(C)C,3.7007956357164047
CCOP(=O)(OCC)OP(=O)(OCC)OCC,5.462500458702692
CCOP(=O)(OCC)OP(=O)(OCC)OCC,5.232051537324418
CCOP(=O)(OCC)OP(=O)(OCC)OCC,6.082289216991086
CCOP(=O)(OCC)OP(=O)(OCC)OCC,6.082289216991086
CCOP(=O)(OCC)OP(=O)(OCC)OCC,5.140281163968773
[Cl-].CCCCCCCCCCCCCCCCCC[N+](C)(C)CCCCCCCCCCCCCCCCCC,4.959388559399967
[Cl-].CCCCCCCCCCCCCCCCCC[N+](C)(C)CCCCCCCCCCCCCCCCCC,4.647025601118339
[Cl-].CCCCCCCCCCCCCCCCCC[N+](C)(C)CCCCCCCCCCCCCCCCCC,4.627720445922952
[Cl-].CCCCCCCCCCCCCCCCCC[N+](C)(C)CCCCCCCCCCCCCCCCCC,4.439219928885451
[Cl-].CCCCCCCCCCCCCCCCCC[N+](C)(C)CCCCCCCCCCCCCCCCCC,4.208890961791023
CCCC(C)=O,1.8414460872551108
CC(=O)OC=C,3.788556109632159
CC(=O)OC=C,3.758592886254716
CC(=O)OC=C,3.6402179191488044
CC(=O)OC=C,3.633654149646416
CC(=O)OC=C,3.5729563092928043
CC(=O)OC=C,3.5544729035987914
CC(=O)OC=C,3.519710797339579
CC(=O)OC=C,3.3808011186665228
CC(=O)OC=C,3.34139807828994
CC(=O)OC=C,3.321900288590662
CC(=O)OC=C,3.29123146882421
CC(C)CC(C)=O,2.2704112617752483
CC(C)CC(C)=O,2.2970941693561424
CC(C)CC(C)=O,2.2970941693561424
CC(C)CC(C)=O,2.2679917876518356
CC(C)OC(C)C,2.054802224929594
CC(C)OC(C)C,2.1136221883295114
CC(C)OC(C)C,3.046675398698898
CC(C)OC(C)C,3.046675398698898
CC1=CC(C)=CC=C1,3.8215063651069237
CC1=CC(C)=CC=C1,3.8188004717309987
CC1=CC(O)=CC=C1,3.286243167457688
CC1=CC(O)=CC=C1,3.286243167457688
NC1=CC(Cl)=CC=C1,3.97676346993079
OC1=CC(O)=CC=C1,3.346932671993646
OC1=CC(O)=CC=C1,3.313996613898658
OC1=CC(O)=CC=C1,3.263386620543571
OC1=CC(O)=CC=C1,3.346932671993646
OC1=CC(O)=CC=C1,3.289489423107776
OC1=CC(O)=CC=C1,3.263386620543571
OC1=CC(O)=CC=C1,3.0415378709272147
OC1=CC(O)=CC=C1,3.439477879599252
OC1=CC(O)=CC=C1,3.289489423107776
OC1=CC(O)=CC=C1,3.346932671993646
ClC1=CC(Cl)=CC(Cl)=C1,4.7365897200581
BrC1=CC=CC=C1,4.444818132726948
CC1=CC=CC=C1,3.619690963447734
CC1=CC=CC=C1,3.5978863571698625
CC1=CC=CC=C1,3.7088107320295385
CC1=CC=CC=C1,3.7088107320295385
CC1=CC=CC=C1,3.566143228460807
CC1=CC=CC=C1,3.223720547638601
CC1=CC=CC=C1,3.472721543298572
CC1=CC=CC=C1,3.532719472973857
CC1=CC=CC=C1,3.516925205790625
CC1=CC=CC=C1,3.566143228460807
CC1=CC=CC=C1,3.5491098891620263
CC1=CC=CC=C1,3.486961982413182
CC1=CC=CC=C1,3.4077807363655572
CC1=CC=CC=C1,3.223720547638601
CC1=CC=CC=C1,3.1932312254907003
CC1=CC=CC=C1,3.1445393015909757
CC1=CC=CC=C1,3.106750740701576
CC1=CC=CC=C1,3.463023974915093
CC1=CC=CC=C1,3.4053746665996787
CC1=CC=CC=C1,3.75996325447692
CC1=CC=CC=C1,3.7328685891702436
CC1=CC=CC=C1,3.7336343157545704
CC1=CC=CC=C1,3.4053746665996787
CC1=CC=CC=C1,3.231689477309876
CC1=CC=CC=C1,3.2128041331495023
CC1=CC=CC=C1,3.075342276449952
CC1=CC=CC=C1,3.8637126920152816
CC1=CC=CC=C1,3.4291691327029774
CC1=CC=CC=C1,3.428789117090074
CC1=CC=CC=C1,3.337742869757802
CC1=CC=CC=C1,3.4300571310767096
CC1=CC=CC=C1,3.2128041331495023
CC1=CC=CC=C1,3.075342276449952
CC1=CC=CC=C1,3.231689477309876
CC1=CC=NC=C1,2.3634479646507796
ClC1=CC=CC=C1,3.821362252060952
ClC1=CC=CC=C1,4.162758231502144
ClC1=CC=CC=C1,3.702895982223987
ClC1=CC=CC=C1,3.5002456946488376
ClC1=CC=CC=C1,3.7009440936264646
ClC1=CC=CC=C1,3.5850575860336256
ClC1=CC=CC=C1,3.585355967688718
ClC1=CC=CC=C1,3.519049258471543
ClC1=CC=CC=C1,3.8188000352963516
ClC1=CC=CC=C1,3.7009440936264646
ClC1=CC=CC=C1,3.702895982223987
ClC1=CC=CC=C1,3.4905403861414595
ClC1=CC=CC=C1,3.510172857881849
O=C1CCCCC1,2.2697395755233845
O=C1CCCCC1,2.2697395755233845
O=C1CCCCC1,2.127039109677539
O=C1CCCCC1,2.192209641282349
O=C1CCCCC1,2.192209641282349
OC1=CC=CC=C1,3.577121885325812
OC1=CC=CC=C1,3.1440174595905237
OC1=CC=CC=C1,3.1440174595905237
OC1=CC=CC=C1,3.5823861253181697
OC1=CC=CC=C1,3.5931099907099426
OC1=CC=CC=C1,3.5823861253181697
OC1=CC=CC=C1,3.5371585853807925
OC1=CC=CC=C1,3.577121885325812
OC1=CC=CC=C1,3.3712612410935865
OC1=CC=CC=C1,3.4681712541016427
OC1=CC=CC=C1,3.513928744662318
OC1=CC=CC=C1,3.5788695515953326
OC1=CC=CC=C1,3.4627762222149365
OC1=CC=CC=C1,3.2769648436882166
OC1=CC=CC=C1,3.5702007112457306
OC1=CC=CC=C1,3.454807292543661
OC1=CC=CC=C1,3.4681712541016427
OC1=CC=CC=C1,3.611593396403956
OC1=CC=CC=C1,3.332839795451127
OC1=CC=CC=C1,3.479166638403106
OC1=CC=CC=C1,3.565081267109699
OC1=CC=CC=C1,3.5109232345225925
OC1=CC=CC=C1,3.5261632010793296
OC1=CC=CC=C1,3.4681712541016427
OC1=CC=CC=C1,3.4380271123787782
OC1=CC=CC=C1,3.5931099907099426
OC1=CC=CC=C1,3.4170187316542613
OC1=CC=CC=C1,3.4392951263654137
OC1=CC=CC=C1,3.5788695515953326
CC1=CC=CN=C1,2.8103905186966394
CC1=CC=CN=C1,2.8103905186966394
CN1CCNCC1,1.638706451380798
CC1=NC=CC=C1,2.015960567747797
CC1CNCCN1,1.6501862690642282
CCCCOC(=O)CCC,4.094251286507114
CCCCOC(=O)CCC,4.094251286507114
CCCCC(O)=O,3.122399218300906
CCCOC(C)=O,3.2307386930897444
CCCOC(C)=O,3.2307386930897444
CCCOC(C)=O,3.1893460079315195
BrCCCBr,4.913387389352647
BrCCCBr,5.0479241847114835
BrCCCBr,4.976494760393684
CCCCBr,3.568836957099552
CCCCN,2.4357181133486545
CCCCN,2.4357181133486545
C=CCC#N,2.566276863869067
C=CCC#N,2.566276863869067
NCCCN,1.794179796695523
NCCCN,1.794179796695523
N#CCC#N,5.071499320898417
N#CCC#N,5.071499320898417
COCCN,2.1561259529364705
COCCN,2.1561259529364705
COCOC,1.0366359164086687
CCNCC,1.9318867926492707
CCNCC,1.9318867926492707
CCNCC,1.9318867926492707
CCNCC,1.929859743546201
N1C=CC=C1,2.5041289571202228
N1C=CC=C1,2.5041289571202228
C1CCOC1,1.52322552891912
C1CCOC1,1.52322552891912
O1C=CC=C1,3.0473464707316267
O1C=CC=C1,3.0473464707316267
O1C=CC=C1,2.9814179570233184
CC(C)(C)SSC(C)(C)C,5.113906755361033
CC(C)CCC(C)=O,2.85590551498341
CC(C)CCC(C)=O,2.85590551498341
OC(=O)\C=C/C(O)=O,4.365529011082213
CCOC(=O)CCCCCCCCC(=O)OCC,4.949529828828738
CCOC(=O)CCCCCCCCC(=O)OCC,4.949529828828738
CCOC(=O)CCCCCCCCC(=O)OCC,4.980564062568707
CCOC(=O)CCCCCCCCC(=O)OCC,4.980564062568707
CCOC(=O)CCCCCCCCC(=O)OCC,4.975765179686938
CCCCCC(C)=O,2.9400313436480974
CCCCCC,4.5371113132444
ClCCCCCl,3.3877218968806804
ClCCCCCl,3.3877218968806804
CCCCCN,2.692068818639665
CCCCCN,2.692068818639665
CCCCC=O,3.841446087255111
CCCCC=O,3.8077629740525385
CCCCC=O,3.8209244201105093
OCC#CCO,3.205519355617627
CCNCCO,1.7795383057236134
CCNCCO,1.7795383057236134
C1CCCCC1,4.268666294074738
C1CCCCC1,2.956281547533635
C1CCCCC1,2.8565786343414086
C1CCCCC1,3.4100839519625885
C1CCCCC1,3.410216743427284
C1CCCCC1,3.298424128712528
C1=CC=NC=C1,2.9022238203545703
C1=CC=NC=C1,2.9022238203545703
C1=CC=NC=C1,2.9022238203545703
C1=CC=NC=C1,3.0634383112705876
C1=CC=NC=C1,2.9256561765730558
C1=CC=NC=C1,2.87255314968735
C1=CC=NC=C1,2.8995996765284215
C1=CC=NC=C1,2.8371611745985086
C1OCOCO1,1.1798784562532856
C1OCOCO1,1.1798784562532856
CC(C)=CCCC(C)=O,3.167749642287178
CC(C)=CCCC(C)=O,3.167749642287178
CCCCCCC(C)=O,3.5598426148722244
CCCCCCC(C)=O,3.4458046347227858
CCCCCCC(C)=O,3.441099339705166
CCCCCCC(C)=O,3.308276770806465
CCCCCCC(C)=O,3.5513148194927595
CCCCCCC(C)=O,3.5513148194927595
CCOCCOC(C)=O,3.489388833334452
CCOCCOC(C)=O,3.489388833334452
CCOCCOC(C)=O,3.4965505065119555
CCOCCOC(C)=O,3.49552015138595
CCOCCOC(C)=O,3.499656320572589
CCCCCCBr,4.677077878017666
CCCCCCN,3.2520225601915915
CCCCCCN,3.2520225601915915
CCCCCCO,2.9408588726227576
CCCCCCO,2.9086741892513563
CCCCCCO,3.0191501706501462
CCCCCCO,3.0191501706501462
O=CCCCC=O,3.935769649511391
O=CCCCC=O,4.267833878915341
CCCCCCS,5.470122316744197
OCCNCCO,3.0215158426255084
OCCNCCO,1.3484949354966125
OCCNCCO,1.8847952754691017
OCCNCCO,1.8512541272305512
OCCNCCO,1.831184144455217
OCCOCCO,0.14934604258593273
CCCSCCC,3.7357225742236304
CCCSCCC,3.7357225742236304
CCCCCCCN,3.7227550192059273
N#CCCCCC#N,1.7481428121217764
N#CCCCCC#N,1.7481428121217764
N#CCCCCC#N,1.9367901081214935
N#CCCCCC#N,2.1198862687458333
CCCCCCCO,3.486268247790664
CCCCCCCO,3.527088362685462
CCCCCCCO,3.5296133377159657
CCCCCCCO,3.533428540716481
CCCCCCCCBr,5.360173374290708
CCCCCCCCN,4.395932936051921
CCCCCCCCO,4.028036839389193
CCCCCCCCO,3.9971253744081774
CCCCCCCCO,3.987291871699134
CCCCCCCCO,3.9840629015689353
CCCCCCCCO,3.980857761693724
CCCCCCCCO,3.9682686343857037
CCCCCCCCO,4.014026124946379
CCCCCCCCO,4.003806959764693
CCCCCCCCO,3.956034177968692
CCCCCCCCO,3.9383054110082605
CCCCCCCCO,3.9840629015689353
CCCCCCCCO,3.9500438142795047
CCCCCCCCO,3.9682686343857037
CCCCCCCCO,4.000453317757104
CCCCCCCCO,3.9971253744081774
CCCCCCCCO,3.9971253744081774
CCOCCOCCO,1.0555282917738964
CCOCCOCCO,0.7041644251432139
CCOCCOCCO,1.1428829857362293
CCOCCOCCO,0.9843954988259267
ClCCOCOCCCl,2.97072523038979
CCCCCCCCC(O)=O,3.1819827987053575
CCCCCCCCC(O)=O,3.1819827987053575
CCCCCCCCCC(C)=O,5.054784250088196
CCCCCCCCCN,4.821390385854455
OCCOCCOCCO,0.26253561619870214
OCCOCCOCCO,0.21020773584338617
OCCOCCOCCO,0.3989226461931074
OCCOCCOCCO,0.3300123564526135
OCCOCCOCCO,0.28760850789952624
CCCCCCCCCCO,4.8189048149651
CCCCCCCCCCO,4.8189048149651
CCCCCCCCCCO,4.8189048149651
CCCCCCCCCCCO,5.218956213228974
CCCCCCCCCCCO,5.218956213228974
CCCCCCCCCCCCO,5.26565449041213
CCCCCCCCCCCCO,5.26565449041213
CCCCCCCC\C=C/CCCCCCCC(O)=O,3.1388891374328365
CCCCCCCC\C=C/CCCCCCCC(O)=O,3.1388891374328365
CNC(=O)OC1=CC=CC=C1OC(C)C,4.375882146946299
CNC(=O)OC1=CC=CC=C1OC(C)C,4.375882146946299
CNC(=O)OC1=CC=CC=C1OC(C)C,3.9224248104244306
CNC(=O)OC1=CC=CC=C1OC(C)C,3.9224248104244306
CC(C)(O)C#C,1.4073806481810898
CC(C)(O)C#C,1.4073806481810898
OCC(Cl)(Cl)Cl,2.931995321436547
OCC(Cl)(Cl)Cl,2.6943702362409123
OCC(Cl)(Cl)Cl,2.6943702362409123
OCC(Cl)(Cl)Cl,2.931995321436547
ClC1=C(Cl)C2(Cl)C3COS(=O)OCC3C1(Cl)C2(Cl)Cl,8.430093211146872
ClC1=C(Cl)C2(Cl)C3COS(=O)OCC3C1(Cl)C2(Cl)Cl,8.485610538996703
ClC1=C(Cl)C2(Cl)C3COS(=O)OCC3C1(Cl)C2(Cl)Cl,9.143786472303596
ClC1=C(Cl)C2(Cl)C3COS(=O)OCC3C1(Cl)C2(Cl)Cl,8.70309448321061
ClC1=C(Cl)C2(Cl)C3COS(=O)OCC3C1(Cl)C2(Cl)Cl,8.697699451323903
ClC1=C(Cl)C2(Cl)C3COS(=O)OCC3C1(Cl)C2(Cl)Cl,8.606184470202551
ClC1=C(Cl)C2(Cl)C3COS(=O)OCC3C1(Cl)C2(Cl)Cl,8.95297195642721
ClC1=C(Cl)C2(Cl)C3COS(=O)OCC3C1(Cl)C2(Cl)Cl,8.742861610082096
ClC1=C(Cl)C2(Cl)C3COS(=O)OCC3C1(Cl)C2(Cl)Cl,8.731123206810851
ClC1=C(Cl)C2(Cl)C3COS(=O)OCC3C1(Cl)C2(Cl)Cl,8.72537087792176
ClC1=C(Cl)C2(Cl)C3COS(=O)OCC3C1(Cl)C2(Cl)Cl,8.619412735936308
ClC1=C(Cl)C2(Cl)C3COS(=O)OCC3C1(Cl)C2(Cl)Cl,8.527003224154928
ClC1=C(Cl)C2(Cl)C3COS(=O)OCC3C1(Cl)C2(Cl)Cl,8.475850701707547
ClC1=C(Cl)C2(Cl)C3COS(=O)OCC3C1(Cl)C2(Cl)Cl,8.435922754807596
ClC1=C(Cl)C2(Cl)C3COS(=O)OCC3C1(Cl)C2(Cl)Cl,8.410284817793318
ClC1=C(Cl)C2(Cl)C3COS(=O)OCC3C1(Cl)C2(Cl)Cl,8.383467999054968
ClC1=C(Cl)C2(Cl)C3COS(=O)OCC3C1(Cl)C2(Cl)Cl,8.375735548824279
ClC1=C(Cl)C2(Cl)C3COS(=O)OCC3C1(Cl)C2(Cl)Cl,8.327430869249723
ClC1=C(Cl)C2(Cl)C3COS(=O)OCC3C1(Cl)C2(Cl)Cl,8.325151102954825
ClC1=C(Cl)C2(Cl)C3COS(=O)OCC3C1(Cl)C2(Cl)Cl,8.283965175468634
ClC1=C(Cl)C2(Cl)C3COS(=O)OCC3C1(Cl)C2(Cl)Cl,8.208244461530514
ClC1=C(Cl)C2(Cl)C3COS(=O)OCC3C1(Cl)C2(Cl)Cl,8.101034491882647
ClC1=C(Cl)C2(Cl)C3COS(=O)OCC3C1(Cl)C2(Cl)Cl,8.068365375129279
ClC1=C(Cl)C2(Cl)C3COS(=O)OCC3C1(Cl)C2(Cl)Cl,8.460056434524315
ClC1=C(Cl)C2(Cl)C3COS(=O)OCC3C1(Cl)C2(Cl)Cl,8.430093211146872
ClC1=C(Cl)C2(Cl)C3COS(=O)OCC3C1(Cl)C2(Cl)Cl,8.492241117895716
ClC1=C(Cl)C2(Cl)C3COS(=O)OCC3C1(Cl)C2(Cl)Cl,8.70309448321061
ClC1=C(Cl)C2(Cl)C3COS(=O)OCC3C1(Cl)C2(Cl)Cl,8.606184470202551
ClC1=C(Cl)C2(Cl)C3COS(=O)OCC3C1(Cl)C2(Cl)Cl,8.375735548824279
OC(C1=CC=C(Cl)C=C1)(C1=CC=C(Cl)C=C1)C(Cl)(Cl)Cl,5.785423811948763
OC(C1=CC=C(Cl)C=C1)(C1=CC=C(Cl)C=C1)C(Cl)(Cl)Cl,5.858170947990978
OC(C1=CC=C(Cl)C=C1)(C1=CC=C(Cl)C=C1)C(Cl)(Cl)Cl,5.786866652086174
OC(C1=CC=C(Cl)C=C1)(C1=CC=C(Cl)C=C1)C(Cl)(Cl)Cl,5.859023341752155
O=P(OC1=CC=CC=C1)(OC1=CC=CC=C1)OC1=CC=CC=C1,5.6937679675815325
O=P(OC1=CC=CC=C1)(OC1=CC=CC=C1)OC1=CC=CC=C1,5.573792650504783
O=P(OC1=CC=CC=C1)(OC1=CC=CC=C1)OC1=CC=CC=C1,5.6937679675815325
O=P(OC1=CC=CC=C1)(OC1=CC=CC=C1)OC1=CC=CC=C1,5.513311903123401
O=P(OC1=CC=CC=C1)(OC1=CC=CC=C1)OC1=CC=CC=C1,5.569817387217299
O=P(OC1=CC=CC=C1)(OC1=CC=CC=C1)OC1=CC=CC=C1,8.573792650504783
O=P(OC1=CC=CC=C1)(OC1=CC=CC=C1)OC1=CC=CC=C1,5.573792650504783
O=P(OC1=CC=CC=C1)(OC1=CC=CC=C1)OC1=CC=CC=C1,5.513311903123401
CCOP(=S)(OCC)OC1=CC=C(C=C1)S(C)=O,3.854116574228567
CCOP(=S)(OCC)OC1=CC=C(C=C1)S(C)=O,3.854116574228567
CNC(=O)ON=CC(C)(C)SC,5.3439277852989475
CNC(=O)ON=CC(C)(C)SC,5.199749690704977
CNC(=O)ON=CC(C)(C)SC,5.142210369596195
CCCCC(CC)COC(=O)C1=C(C=CC=C1)C(=O)OCC(CC)CCCC,6.38725298610869
CCCCC(CC)COC(=O)C1=C(C=CC=C1)C(=O)OCC(CC)CCCC,2.546049989977957
OC1=C(C=CC=C1)C(=O)OC1=CC=CC=C1,5.258659588467967
OC1=C(C=CC=C1)C(=O)OC1=CC=CC=C1,5.29311509783347
CCOC(=O)C1=C(O)C=CC=C1,3.904302518698355
CCOC(=O)C1=C(O)C=CC=C1,3.9236076738937413
CCOC(=O)C1=C(O)C=CC=C1,3.9280167927987963
ClC1=C(Cl)C(Cl)=C(Cl)C(Cl)=C1Cl,4.107538521253508
ClC1=C(Cl)C(=O)C(Cl)=C(Cl)C1=O,7.387149901300224
OC1=C(Br)C=C(Br)C=C1Br,4.719693690094554
OC1=C(Br)C=C(Br)C=C1Br,4.719693690094554
OC1=C(Br)C=C(Br)C=C1Br,4.6999959591143625
OC1=C(Br)C=C(Br)C=C1Br,4.7026603507957745
OC1=C(Br)C=C(Br)C=C1Br,4.683064794732394
OC1=C(Br)C=C(Br)C=C1Br,4.696029771896761
CC1=C(C=C(C=C1[N+]([O-])=O)[N+]([O-])=O)[N+]([O-])=O,4.864698283560209
CC1=C(C=C(C=C1[N+]([O-])=O)[N+]([O-])=O)[N+]([O-])=O,4.878938722674819
CC1=C(C=C(C=C1[N+]([O-])=O)[N+]([O-])=O)[N+]([O-])=O,4.931178340763415
CC1=C(C=C(C=C1[N+]([O-])=O)[N+]([O-])=O)[N+]([O-])=O,5.276878731346857
CC1=C(C=C(C=C1[N+]([O-])=O)[N+]([O-])=O)[N+]([O-])=O,4.893661979495526
CC1=C(C=C(C=C1[N+]([O-])=O)[N+]([O-])=O)[N+]([O-])=O,5.033840682660562
CC1=C(C=C(C=C1[N+]([O-])=O)[N+]([O-])=O)[N+]([O-])=O,5.276878731346857
CC1=C(C=C(C=C1[N+]([O-])=O)[N+]([O-])=O)[N+]([O-])=O,4.975848735682876
CC1=C(C=C(C=C1[N+]([O-])=O)[N+]([O-])=O)[N+]([O-])=O,4.787858253327487
CC1=C(C=C(C=C1[N+]([O-])=O)[N+]([O-])=O)[N+]([O-])=O,5.055029981730501
CC1=C(C=C(C=C1[N+]([O-])=O)[N+]([O-])=O)[N+]([O-])=O,4.975848735682876
CC1=C(C=C(C=C1[N+]([O-])=O)[N+]([O-])=O)[N+]([O-])=O,4.975848735682876
CC1=C(C=C(C=C1[N+]([O-])=O)[N+]([O-])=O)[N+]([O-])=O,5.151939994738557
CC1=C(C=C(C=C1[N+]([O-])=O)[N+]([O-])=O)[N+]([O-])=O,4.944440271431252
CC1=C(C=C(C=C1[N+]([O-])=O)[N+]([O-])=O)[N+]([O-])=O,4.9230906865200765
CCCCCCCCCCCCCOC(=O)C1=C(C=CC=C1)C(=O)OCCCCCCCCCCCCC,6.645449706932604
CC1=C(C=C(N)C=C1)[N+]([O-])=O,3.770391217393033
CC1=C(C=C(N)C=C1)[N+]([O-])=O,3.770391217393033
CC1=C(C=C(N)C=C1)[N+]([O-])=O,4.244480291652609
CC1=C(C=C(N)C=C1)[N+]([O-])=O,4.483040919020244
CC1=C(C=C(N)C=C1)[N+]([O-])=O,3.765370416017982
NC1=CC(=C(O)C=C1)[N+]([O-])=O,3.6664893421680205
NC1=CC(=C(O)C=C1)[N+]([O-])=O,3.6664893421680205
NC1=CC(=C(O)C=C1)[N+]([O-])=O,3.628918855338891
NC1=CC(=C(O)C=C1)[N+]([O-])=O,3.5812460607614516
NC1=CC(=C(O)C=C1)[N+]([O-])=O,3.628918855338891
NC1=CC(=C(O)C=C1)[N+]([O-])=O,3.6523333058292864
O=C(C1=CC=CC=C1)C1=CC=CC=C1,4.222819443585873
O=C(C1=CC=CC=C1)C1=CC=CC=C1,4.10795759714344
O=C(C1=CC=CC=C1)C1=CC=CC=C1,4.075554510708898
O=C(C1=CC=CC=C1)C1=CC=CC=C1,4.223218061770722
O=C(C1=CC=CC=C1)C1=CC=CC=C1,4.222819443585873
O=C(C1=CC=CC=C1)C1=CC=CC=C1,4.10795759714344
O=C(C1=CC=CC=C1)C1=CC=CC=C1,4.08998422613154
OCCN(CCO)C1=CC=CC=C1,2.3916557598477546
CCN(CC)C1=CC=C(C=O)C=C1,3.869858335309311
CCCCCCCCS(=O)C(C)CC1=CC2=C(OCO2)C=C1,5.641549026614944
OC1=C(O)C=CC=C1,4.0768069498735855
OC1=C(O)C=CC=C1,4.497469826576939
OC1=C(O)C=CC=C1,4.0768069498735855
ClC1=CC(Cl)=C(Cl)C=C1,4.8141945778707695
ClC1=CC(Cl)=C(Cl)C=C1,4.8141945778707695
ClC1=CC(Cl)=C(Cl)C=C1,4.779432471611557
ClC1=CC(Cl)=C(Cl)C=C1,4.776537164342144
ClC1=CC(Cl)=C(Cl)C=C1,4.776537164342144
OC1=C(Cl)C=C(Cl)C=C1,4.1449602904813965
OC1=C(Cl)C=C(Cl)C=C1,4.1449602904813965
OC1=C(Cl)C=C(Cl)C=C1,4.320116577202004
OC1=C(Cl)C=C(Cl)C=C1,4.320116577202004
OC1=C(Cl)C=C(Cl)C=C1,4.295604427324598
OC1=C(Cl)C=C(Cl)C=C1,4.290340187332241
OC1=C(Cl)C=C(Cl)C=C1,4.317323677017834
CN1CCCC1,1.900490404291246
CC1=C(C=C(C=C1)[N+]([O-])=O)[N+]([O-])=O,3.744275702305456
CC1=C(C=C(C=C1)[N+]([O-])=O)[N+]([O-])=O,3.744275702305456
CC1=C(C=C(C=C1)[N+]([O-])=O)[N+]([O-])=O,3.874543272418823
CC1=C(C=C(C=C1)[N+]([O-])=O)[N+]([O-])=O,3.874543272418823
CC1=C(C=C(C=C1)[N+]([O-])=O)[N+]([O-])=O,3.7687878521828626
CC1=C(C=C(C=C1)[N+]([O-])=O)[N+]([O-])=O,3.748266185038261
CCOC1=C(O)C=CC(C=O)=C1,3.2777687579871917
CCOC1=C(O)C=CC(C=O)=C1,3.2777687579871917
COC1=C(O)C=CC(C=O)=C1,3.4261039828435718
COC1=C(O)C=CC(C=O)=C1,3.4261039828435718
COC1=C(O)C=CC(C=O)=C1,3.092073727076665
COC1=C(O)C=CC(C=O)=C1,3.3690654818732075
COC1=C(O)C=CC(C=O)=C1,3.2374961663658945
COC1=C(O)C=CC(C=O)=C1,3.1327608158458817
COC1=C(O)C=CC(C=O)=C1,3.1175208492891446
COC1=C(O)C=CC(C=O)=C1,3.0991934681996134
OC(=O)C1=CC(=CC(=C1)S(O)(=O)=O)S(O)(=O)=O,3.8289964473757134
[Cl-].CC(C)(C)CC(C)(C)C1=CC=C(OCCOCC[N+](C)(C)CC2=CC=CC=C2)C=C1,5.446469601595462
[Cl-].CC(C)(C)CC(C)(C)C1=CC=C(OCCOCC[N+](C)(C)CC2=CC=CC=C2)C=C1,5.070805987634577
[Cl-].CC(C)(C)CC(C)(C)C1=CC=C(OCCOCC[N+](C)(C)CC2=CC=CC=C2)C=C1,5.070805987634577
[Cl-].CC(C)(C)CC(C)(C)C1=CC=C(OCCOCC[N+](C)(C)CC2=CC=CC=C2)C=C1,5.446469601595462
NC1=CC=C(C=C1)S(O)(=O)=O,3.236349201076264
NC1=CC=C(C=C1)S(O)(=O)=O,3.2380829138852647
NC1=CC=C(C=C1)S(O)(=O)=O,3.2380829138852647
CN(C)C1=CC=CC=C1,3.2662013889227985
CN(C)C1=CC=CC=C1,3.3621194841447197
CN(C)C1=CC=CC=C1,3.3621194841447197
CN(C)C1=CC=CC=C1,3.1898984752386106
[O-][N+](=O)C1=CC=CC(Cl)=C1,3.9217225943128833
[O-][N+](=O)C1=CC=CC(Cl)=C1,3.940607938473257
CCOC(=O)CC(SP(=S)(OC)OC)C(=O)OCC,4.5142400292010905
CCOC(=O)CC(SP(=S)(OC)OC)C(=O)OCC,4.485137647496783
CCOC(=O)CC(SP(=S)(OC)OC)C(=O)OCC,4.369342290328353
CCOC(=O)CC(SP(=S)(OC)OC)C(=O)OCC,4.421651389975676
CCOC(=O)CC(SP(=S)(OC)OC)C(=O)OCC,4.581545295518919
CCOC(=O)CC(SP(=S)(OC)OC)C(=O)OCC,4.477168717825508
CCOC(=O)CC(SP(=S)(OC)OC)C(=O)OCC,4.581545295518919
CCOC(=O)CC(SP(=S)(OC)OC)C(=O)OCC,4.3144414203278085
CCOC(=O)CC(SP(=S)(OC)OC)C(=O)OCC,4.1568335669661405
CCOC(=O)CC(SP(=S)(OC)OC)C(=O)OCC,4.120621394311696
[O-][N+](=O)N1CN(CN(C1)[N+]([O-])=O)[N+]([O-])=O,4.766637611310738
[O-][N+](=O)N1CN(CN(C1)[N+]([O-])=O)[N+]([O-])=O,4.305028522769323
[O-][N+](=O)N1CN(CN(C1)[N+]([O-])=O)[N+]([O-])=O,4.142301225271623
[O-][N+](=O)N1CN(CN(C1)[N+]([O-])=O)[N+]([O-])=O,4.766637611310738
[O-][N+](=O)N1CN(CN(C1)[N+]([O-])=O)[N+]([O-])=O,3.7129527523479617
[O-][N+](=O)N1CN(CN(C1)[N+]([O-])=O)[N+]([O-])=O,4.582993214364611
[O-][N+](=O)N1CN(CN(C1)[N+]([O-])=O)[N+]([O-])=O,4.526877272385679
[O-][N+](=O)N1CN(CN(C1)[N+]([O-])=O)[N+]([O-])=O,4.242617486971591
[O-][N+](=O)N1CN(CN(C1)[N+]([O-])=O)[N+]([O-])=O,4.408890576223895
[O-][N+](=O)N1CN(CN(C1)[N+]([O-])=O)[N+]([O-])=O,4.64745120359153
[O-][N+](=O)N1CN(CN(C1)[N+]([O-])=O)[N+]([O-])=O,4.693208694152204
NC1=C(Cl)C=C(C=C1)[N+]([O-])=O,3.9259082658169477
NC1=C(Cl)C=C(C=C1)[N+]([O-])=O,3.9259082658169477
NC1=C(Cl)C=C(C=C1)[N+]([O-])=O,3.9590766290696022
NC1=C(Cl)C=C(C=C1)[N+]([O-])=O,3.9590766290696022
NC1=C(Cl)C=C(C=C1)[N+]([O-])=O,3.903099973327241
CC(C)C1=CC=C(C=O)C=C1,4.3496642685043145
COP(=S)(OC)OC1=CC=C(C(C)=C1)[N+]([O-])=O,4.569768190150683
COP(=S)(OC)OC1=CC=C(C(C)=C1)[N+]([O-])=O,4.761265780247764
COP(=S)(OC)OC1=CC=C(C(C)=C1)[N+]([O-])=O,4.937357039303445
COP(=S)(OC)OC1=CC=C(C(C)=C1)[N+]([O-])=O,4.886204516856064
COP(=S)(OC)OC1=CC=C(C(C)=C1)[N+]([O-])=O,4.809038562043765
COP(=S)(OC)OC1=CC=C(C(C)=C1)[N+]([O-])=O,4.761265780247764
COP(=S)(OC)OC1=CC=C(C(C)=C1)[N+]([O-])=O,4.937357039303445
CCNC1=NC(NCC)=NC(Cl)=N1,4.604394818377011
CCNC1=NC(NCC)=NC(Cl)=N1,2.595794646615093
CCNC1=NC(NCC)=NC(Cl)=N1,4.497184848729142
N(C1=CC=CC=C1)C1=CC=CC=C1,4.64947652934021
N(C1=CC=CC=C1)C1=CC=CC=C1,4.64947652934021
OCCOC1=CC=CC=C1,2.6035348415586497
OCCOC1=CC=CC=C1,2.6035348415586497
CCC1=CC=C(O)C=C1,4.069586865191912
CCC1=CC=C(O)C=C1,4.069586865191912
COC1=CC=C(C=O)C=C1,2.92958631875045
CCCC(C)C=O,3.726227698211124
CCOC(=O)CCC(=O)OCC,3.094643816149783
OC1=CC=C(O)C=C1,6.400063760423115
CC(=O)CC(C)=O,2.8510085260829294
CC(=O)CC(C)=O,2.913867808063561
CC(=O)CC(C)=O,2.913867808063561
CC(=O)CC(C)=O,2.8666887303680917
CC(=O)CC(C)=O,2.983194299439529
CC(=O)CC(C)=O,2.983194299439529
CC(=O)CC(C)=O,2.7571895900520147
CC(=O)CC(C)=O,2.8098959405680177
CC(=O)CC(C)=O,2.8510085260829294
CC(=O)CC(C)=O,2.8448916012732473
CCCCCC(=O)OCC,4.207371756938114
CCCCCC(=O)OCC,4.207371756938114
CCCCCC(=O)OCC,4.086827268427907
CCCC=O,3.7305744817052435
CCCC=O,3.7305744817052435
CCCC=O,3.653559297414126
CCCC=O,3.4460595741068207
CCCC=O,3.4460595741068207
CCCCOC(C)=O,3.8094988478851444
CCCCOC(C)=O,3.8094988478851444
C1COCCO1,0.8548362318525446
C1COCCO1,0.9504241906223059
C1COCCO1,0.9513051127943308
C1COCCO1,0.911317587804993
C1COCCO1,0.9277080039931622
C1COCCO1,0.8307979909851059
OC(=O)CCCCC(O)=O,3.177753344025205
CCCCCCCCCCCCN,6.254837406805559
OCC(CO)(CO)[N+]([O-])=O,2.731957156018841
BrCC(Br)COP(=O)(OCC(Br)CBr)OCC(Br)CBr,6.196390262612858
CCCCOP(=O)(OCCCC)OCCCC,4.512397146563971
CCCCOP(=O)(OCCCC)OCCCC,4.3837577650770685
CCCCOP(=O)(OCCCC)OCCCC,5.425150450235294
CCCCOP(=O)(OCCCC)OCCCC,4.439723976152292
CC1(C)CC(=O)CC(=O)C1,1.0856898556398262
CC(O)CCl,2.5840474301042673
CC(O)CCl,2.5840474301042673
CC(C)=NO,2.1170024525372755
[K+].CC([O-])=O,2.516907922227379
[K+].CC([O-])=O,2.366842090467966
ClC(Cl)=C(Cl)Cl,3.9496959701597323
ClC(Cl)=C(Cl)Cl,4.087408994804461
ClC(Cl)=C(Cl)Cl,3.8379368361127564
ClC(Cl)=C(Cl)Cl,3.9496959701597323
ClC(Cl)=C(Cl)Cl,3.8841000198200777
ClC(Cl)=C(Cl)Cl,3.8379368361127564
ClC(Cl)=C(Cl)Cl,4.181090037682319
ClC(Cl)=C(Cl)Cl,3.9070177552560557
ClC(Cl)=C(Cl)Cl,3.9840648717909946
ClC(Cl)=C(Cl)Cl,4.087408994804461
ClC(Cl)=C(Cl)Cl,3.9496959701597323
[Na+].CC(Cl)(Cl)C([O-])=O,2.752288996436948
[Na+].CC(Cl)(Cl)C([O-])=O,2.623622387309405
[Na+].CC(Cl)(Cl)C([O-])=O,2.623622387309405
[Na+].CC(Cl)(Cl)C([O-])=O,2.752288996436948
[Na+].CC1=CC=C(C=C1)S(=O)(=O)[N-]Cl,4.510886435598568
[Na+].CC1=CC=C(C=C1)S(=O)(=O)[N-]Cl,4.203696131229768
[Na+].CC1=CC=C(C=C1)S(=O)(=O)[N-]Cl,4.2768032295652
[Na+].CC1=CC=C(C=C1)S(=O)(=O)[N-]Cl,4.269624644938077
[Na+].CC1=CC=C(C=C1)S(=O)(=O)[N-]Cl,4.120456028705275
[Na+].CC1=CC=C(C=C1)S(=O)(=O)[N-]Cl,4.115435227330225
[Na+].CC1=CC=C(C=C1)S(=O)(=O)[N-]Cl,4.037921140650063
[Na+].CC1=CC=C(C=C1)S(=O)(=O)[N-]Cl,4.510886435598568
[Na+].CC1=CC=C(C=C1)S(=O)(=O)[N-]Cl,4.486752755881849
[Na+].CC1=CC=C(C=C1)S(=O)(=O)[N-]Cl,4.452894488620881
[Na+].CC1=CC=C(C=C1)S(=O)(=O)[N-]Cl,4.426565549898532
[Na+].CC1=CC=C(C=C1)S(=O)(=O)[N-]Cl,4.492661615492369
CC(O)(C#C)C1=CC=CC=C1,3.1114919956615563
[K+].CN(C)C([S-])=S,6.423130792154617
CC1=CC(=C(O)C(=C1)C(C)(C)C)C(C)(C)C,5.779302137932309
[Na+].O=C1[N-]S(=O)(=O)C2=CC=CC=C12,1.0492624293583497
COC1=C2C3=C(OC)C=C4C5=C(C=CC=C5)C(=O)C5=C4C3=C(C=C5)C3=C2C2=C(C=C3)C(=O)C3=C(C=CC=C3)C2=C1,3.457491780543266
O=C1C2=C(C3=C(C=C2)N=C(S3)C2=CC=CC=C2)C(=O)C2=C1C1=C(C=C2)N=C(S1)C1=CC=CC=C1,3.420551343197965
[Na+].[Na+].[O-]C(=O)C1C2CCC(O2)C1C([O-])=O,2.8566094126073938
[Na+].[Na+].[O-]C(=O)C1C2CCC(O2)C1C([O-])=O,2.5764295559165324
ClC1=C2NC3=C4C(=O)C5=C(C=CC=C5)C(=O)C4=CC(Cl)=C3NC2=C2C(=O)C3=C(C=CC=C3)C(=O)C2=C1,4.4523124982568145
COC(=O)C1=C(C=CC=C1)C(=O)OC,3.696866740014524
COC(=O)C1=C(C=CC=C1)C(=O)OC,3.205145976724573
COC(=O)C1=C(C=CC=C1)C(=O)OC,3.205145976724573
COC(=O)C1=C(C=CC=C1)C(=O)OC,3.2087501009933983
[Na+].[O-]C1=C(Cl)C(Cl)=C(Cl)C(Cl)=C1Cl,6.177352608862647
[Na+].[O-]C1=C(Cl)C(Cl)=C(Cl)C(Cl)=C1Cl,6.133886915081558
[Na+].[O-]C1=C(Cl)C(Cl)=C(Cl)C(Cl)=C1Cl,6.100080352622354
[Na+].[O-]C1=C(Cl)C(Cl)=C(Cl)C(Cl)=C1Cl,6.159441019553945
[Na+].[O-]C1=C(Cl)C(Cl)=C(Cl)C(Cl)=C1Cl,6.148610171902264
[Na+].[O-]C1=C(Cl)C(Cl)=C(Cl)C(Cl)=C1Cl,6.109753235364837
[Na+].[O-]C1=C(Cl)C(Cl)=C(Cl)C(Cl)=C1Cl,6.094378373797883
[Na+].[O-]C1=C(Cl)C(Cl)=C(Cl)C(Cl)=C1Cl,6.075894968103871
[Na+].[O-]C1=C(Cl)C(Cl)=C(Cl)C(Cl)=C1Cl,6.024742445656489
[Na+].[O-]C1=C(Cl)C(Cl)=C(Cl)C(Cl)=C1Cl,6.200833704712171
[Na+].[O-]C1=C(Cl)C(Cl)=C(Cl)C(Cl)=C1Cl,6.177352608862647
[Na+].[O-]C1=C(Cl)C(Cl)=C(Cl)C(Cl)=C1Cl,6.155076214151495
[Na+].[O-]C1=C(Cl)C(Cl)=C(Cl)C(Cl)=C1Cl,6.133886915081558
[Na+].[O-]C1=C(Cl)C(Cl)=C(Cl)C(Cl)=C1Cl,6.1136835289932705
[Na+].[O-]C1=C(Cl)C(Cl)=C(Cl)C(Cl)=C1Cl,6.094378373797883
[Na+].[O-]C1=C(Cl)C(Cl)=C(Cl)C(Cl)=C1Cl,6.015197127750259
[Na+].[O-]C1=C(Cl)C(Cl)=C(Cl)C(Cl)=C1Cl,6.001261349806966
[Na+].[O-]C1=C(Cl)C(Cl)=C(Cl)C(Cl)=C1Cl,7.155076214151495
[Na+].[O-]C1=C(Cl)C(Cl)=C(Cl)C(Cl)=C1Cl,7.155076214151495
[Na+].[O-]C1=C(Cl)C(Cl)=C(Cl)C(Cl)=C1Cl,6.478382604526629
[Na+].[O-]C1=C(Cl)C(Cl)=C(Cl)C(Cl)=C1Cl,6.3038178654324195
[Na+].[O-]C1=C(Cl)C(Cl)=C(Cl)C(Cl)=C1Cl,5.97180637046869
[Na+].[O-]C1=C(Cl)C(Cl)=C(Cl)C(Cl)=C1Cl,5.825678334790452
[Na+].[O-]C1=C(Cl)C(Cl)=C(Cl)C(Cl)=C1Cl,6.024742445656489
[Na+].[O-]C1=C(Cl)C(Cl)=C(Cl)C(Cl)=C1Cl,6.133886915081558
[Na+].[O-]C1=C(Cl)C(Cl)=C(Cl)C(Cl)=C1Cl,5.924627292773221
O=C(NC1=CC=CC2=C1C(=O)C1=C(C3=C(C=C1)C1=C(N3)C3=C(C(NC(=O)C4=CC=CC=C4)=C1)C(=O)C1=C(C=CC=C1)C3=O)C2=O)C1=CC=CC=C1,3.5676527612473916
O1C2=CC=CC=C2C2=C1C=CC=C2,5.204268638123589
O1C2=CC=CC=C2C2=C1C=CC=C2,5.168553085857055
O1C2=CC=CC=C2C2=C1C=CC=C2,4.745450994236377
O1C2=CC=CC=C2C2=C1C=CC=C2,4.666749366660362
O1C2=CC=CC=C2C2=C1C=CC=C2,4.975037934884633
O1C2=CC=CC=C2C2=C1C=CC=C2,4.958286208790514
ClC(Cl)(Cl)SN1C(=O)C2CC=CCC2C1=O,6.662662149315536
ClC(Cl)(Cl)SN1C(=O)C2CC=CCC2C1=O,6.1745455102944105
ClC(Cl)(Cl)SN1C(=O)C2CC=CCC2C1=O,6.361632153651555
ClC(Cl)(Cl)SN1C(=O)C2CC=CCC2C1=O,6.1745455102944105
ClC(Cl)(Cl)SN1C(=O)C2CC=CCC2C1=O,6.3484707075935845
ClC(Cl)(Cl)SN1C(=O)C2=C(C=CC=C2)C1=O,5.9954626796971695
ClC(Cl)(Cl)SN1C(=O)C2=C(C=CC=C2)C1=O,6.412774092436952
ClC(Cl)(Cl)SN1C(=O)C2=C(C=CC=C2)C1=O,5.9954626796971695
NC1=CC(O)=C(C=C1)C(=O)OC1=CC=CC=C1,4.74402554525878
NC1=CC(O)=C(C=C1)C(=O)OC1=CC=CC=C1,4.618823998063395
CCN(CC)C(=O)C1=CC=CC(C)=C1,3.239938479068009
CCN(CC)C(=O)C1=CC=CC(C)=C1,3.239938479068009
CCN(CC)C(=O)C1=CC=CC(C)=C1,3.239938479068009
OC1=CC2=C(C=CC=C2)C=C1,4.619459819735155
OC1=CC2=C(C=CC=C2)C=C1,4.619459819735155
CC1=CC2=C(NN=N2)C=C1,3.7816378846297125
CN(C)C(=S)SSC(=S)N(C)C,7.259616196737338
CN(C)C(=S)SSC(=S)N(C)C,6.8287401299703125
[Cu++].CN(C)C([S-])=S.CN(C)C([S-])=S,6.630066631511185
[Cu++].CN(C)C([S-])=S.CN(C)C([S-])=S,6.119597144212667
[Zn++].CN(C)C([S-])=S.CN(C)C([S-])=S,6.102544430060413
[Zn++].CN(C)C([S-])=S.CN(C)C([S-])=S,6.084815663099981
[Na+].CCC([O-])=O,1.306577587178213
[Na+].CCC([O-])=O,1.306577587178213
CC(=C)C1CCC(C)=CC1,3.5484778029702326
CC(=C)C1CCC(C)=CC1,3.5496073081112023
CC(=C)C1CCC(C)=CC1,2.14896140606324
OC(=O)CN(CC(O)=O)CC(O)=O,3.3517121740979974
NCCN1CCNCC1,2.362827680396268
NCCN1CCNCC1,1.77057159256235
NC(=O)NC1=CC=C(Cl)C=C1,3.230511993023635
CCOC(=O)C=C,4.675945183440617
CCOC(=O)C=C,4.680081352627255
CCOC(=O)C=C,4.602287630066272
CCOC(=O)C=C,4.602287630066272
CCOC(=O)C=C,4.600553917257271
CCCCOC(=O)CCC(=O)OCCCC,4.712679534445897
CCCCOC(=O)CCC(=O)OCCCC,4.712679534445897
CCOC(=O)\C=C/C(=O)OCC,3.9804416358710726
CCOC(=O)CCCCC(=O)OCC,4.08030110164566
CCOC(=O)CCCCC(=O)OCC,4.08030110164566
CCOC(=O)CCCCC(=O)OCC,4.02005307436375
CCCCOC(=O)C=C,4.78734767904894
CCCCOC(=O)C=C,4.783211509862301
NCCO,1.469734983676211
NCCO,1.469734983676211
[Na+].[O-]C=O,1.4707007474664073
[Na+].[O-]C=O,1.2164785318275992
CCOC(C)=O,2.58301350727435
CCOC(C)=O,2.58301350727435
CCOC(C)=O,2.5297679953211247
CCOC(C)=O,2.513377579132955
CC1CNCC(C)O1,2.4733632796122573
CCC1=CC(CC)=CC=C1,4.509411609992419
ClCCCCl,3.0751076157198587
ClCCCCl,3.0751076157198587
ClCCCCl,2.9318872228569717
ClCCCCl,2.9318872228569717
ClCCCCl,3.0751076157198587
ClCCCCl,2.9318872228569717
CCCCCC(O)=O,2.5596213746685446
CCCCCC(O)=O,2.5596213746685446
CCCCCC(O)=O,3.120288680838282
CCCCCCOC(C)=O,4.5566492844060695
CCCCCCOC(C)=O,4.5566492844060695
CCCCOCCCC,3.605194147732839
CCCCCCCCCO,4.4029440549198675
CCCCCCCCCO,4.4168798328631595
CCCCCCCCCO,4.4029440549198675
CCCCCCCCCO,4.4029440549198675
CCCCCCCCCO,4.380667660208715
CCCCCCCCCO,4.399907018194385
CCCCCCNCCCCCC,5.375580028820251
[Na+].[C-]#N,5.593222631285642
[Na+].[C-]#N,5.621946782547536
[Na+].[C-]#N,5.596710959131463
[Na+].[C-]#N,5.566281003326613
[Na+].[C-]#N,5.508289056348926
[Na+].[C-]#N,5.494232991884465
[Na+].[C-]#N,5.3284048082761055
[Na+].[C-]#N,5.184982665973792
[Na+].[C-]#N,5.3284048082761055
[Na+].[C-]#N,5.146064599943423
[Na+].[C-]#N,5.778442485539837
[Na+].[C-]#N,5.774205432596583
[Na+].[C-]#N,5.664826779028928
[Na+].[C-]#N,5.656708888806748
[Na+].[C-]#N,5.637054200810279
[Na+].[C-]#N,5.6145856829011676
[Na+].[C-]#N,5.6109513982460735
[Na+].[C-]#N,5.607347273977248
[Na+].[C-]#N,5.593222631285642
[Na+].[C-]#N,5.58292267464583
[Na+].[C-]#N,5.57954293399445
[Na+].[C-]#N,5.572861348637934
[Na+].[C-]#N,5.553412077137292
[Na+].[C-]#N,5.494232991884465
[Na+].[C-]#N,5.486012661637774
[Na+].[C-]#N,5.472648700079792
[Na+].[C-]#N,5.467416173146115
[Na+].[C-]#N,5.449583396011099
[Na+].[C-]#N,5.425314821284162
[Na+].[C-]#N,5.4090992770459705
[Na+].[C-]#N,5.397876572937222
[Na+].[C-]#N,5.384781274847074
[Na+].[C-]#N,5.253969997252942
[Na+].[C-]#N,5.143589980815567
ClC12C(=O)C3(Cl)C4(Cl)C1(Cl)C1(Cl)C2(Cl)C3(Cl)C4(Cl)C1(Cl)Cl,6.154874380125431
ClC12C(=O)C3(Cl)C4(Cl)C1(Cl)C1(Cl)C2(Cl)C3(Cl)C4(Cl)C1(Cl)Cl,6.063104006769786
OC(=O)C1C2CCC(O2)C1C(O)=O,5.394575001594297
OC(=O)C1C2CCC(O2)C1C(O)=O,2.764486286666091
OC(=O)C1C2CCC(O2)C1C(O)=O,2.48430642997523
OC(=O)C1C2CCC(O2)C1C(O)=O,2.764486286666091
COC1=CC=CC(C=O)=C1O,4.4431982800316945
COC1=CC=CC(C=O)=C1O,4.4431982800316945
COC1=CC=CC(C=O)=C1O,4.839556157693857
COC1=CC=CC(C=O)=C1O,4.839556157693857
COC1=CC=CC(C=O)=C1O,4.7670054905452455
COC1=CC=CC(C=O)=C1O,4.625676337748776
SC1=NC2=C(S1)C=CC=C2,4.181288263825045
CCC(O)C(C)CO,1.1332278400574296
COC1=CC=CC(O)=C1,3.2243735543699934
COC1=CC=CC(O)=C1,3.2243735543699934
COC1=CC=CC(O)=C1,3.2185440107092695
COC1=CC=CC(O)=C1,3.207114548928488
COC1=CC=C(O)C=C1,3.1677776994762272
COC1=CC=C(O)C=C1,3.1677776994762272
COC1=CC=C(O)C=C1,3.0522125889427447
COC1=CC=C(OC)C=C1,3.0719074223840184
[Na+].CCCCCCCCCCCCOS([O-])(=O)=O,4.640055282311041
[Na+].CCCCCCCCCCCCOS([O-])(=O)=O,4.620750127115654
[Na+].CCCCCCCCCCCCOS([O-])(=O)=O,4.450999046090992
[Na+].CCCCCCCCCCCCOS([O-])(=O)=O,4.229150296474635
[Na+].CCCCCCCCCCCCOS([O-])(=O)=O,4.107416699741546
[K+].[C-]#N,5.321329652728664
CN(C)P(=O)(OP(=O)(N(C)C)N(C)C)N(C)C,3.373781612490729
CN(C)P(=O)(OP(=O)(N(C)C)N(C)C)N(C)C,3.326233214312173
CN(C)P(=O)(OP(=O)(N(C)C)N(C)C)N(C)C,3.5120843106570105
C1=CC2=C(C=C1)C1=C3C2=CC=CC3=CC=C1,7.471098869238459
C1=CC2=C(C=C1)C1=C3C2=CC=CC3=CC=C1,6.327795967631143
C1=CC2=C(C=C1)C1=C3C2=CC=CC3=CC=C1,7.2191597422452425
C1=CC=C2C=NN=CC2=C1,3.114120702642329
C1=CC2=CC3=CC=CC=C3N=C2C=C1,4.891303484256057
C1=CC2=CC3=CC=CC=C3N=C2C=C1,4.790633322374694
C1=CC2=CC3=CC=CC=C3N=C2C=C1,4.902783301939487
O1C=CC2=C1C=CC=C2,3.9259080261388752
C1=CC2=CC=CC=CC2=C1,4.153179806300952
C1CN2CCN1CC2,1.8115596969139893
C1C2CC3CC1CC(C2)C3,5.6790936724702235
COP(=S)(OC)OC1=CC=C(C=C1)[N+]([O-])=O,4.544897341937211
COP(=S)(OC)OC1=CC=C(C=C1)[N+]([O-])=O,4.500880512952837
COP(=S)(OC)OC1=CC=C(C=C1)[N+]([O-])=O,4.770623746616769
COP(=S)(OC)OC1=CC=C(C=C1)[N+]([O-])=O,4.690793815636141
COP(=S)(OC)OC1=CC=C(C=C1)[N+]([O-])=O,4.580480557954712
COP(=S)(OC)OC1=CC=C(C=C1)[N+]([O-])=O,4.507736548796495
COP(=S)(OC)OC1=CC=C(C=C1)[N+]([O-])=O,4.470568598683998
COP(=S)(OC)OC1=CC=C(C=C1)[N+]([O-])=O,4.421699266905212
COP(=S)(OC)OC1=CC=C(C=C1)[N+]([O-])=O,4.562626108897642
COP(=S)(OC)OC1=CC=C(C=C1)[N+]([O-])=O,4.470568598683998
COP(=S)(OC)OC1=CC=C(C=C1)[N+]([O-])=O,4.442235000040063
COP(=S)(OC)OC1=CC=C(C=C1)[N+]([O-])=O,4.525088948583658
CCOP(=S)(OCC)SCSCC,6.017054768553569
CCOP(=S)(OCC)SCCSCC,5.165954094376588
CCOP(=S)(OCC)SCCSCC,5.165954094376588
CCOP(=S)(OCC)SCCSCC,4.8379126288393985
CCOP(=S)(OCC)SCCSCC,5.022822352942269
CCOP(=S)(OCC)SCCSCC,4.869593976846091
CCOP(=S)(OCC)SCCSCC,4.825011844193351
CCOP(=S)(OCC)SCCSCC,4.9753977030141305
CCOP(=S)(OCC)SCCSCC,4.835735709585124
CCOP(=S)(OCC)SCCSCC,4.8043272453335
CCOP(=S)(OCC)SCCSCC,4.8043272453335
COP(=S)(OC)OC1=C(Cl)C=C(Cl)C(Cl)=C1,6.020714040684103
COP(=O)(OC)OC(Br)C(Cl)(Cl)Br,5.058727982469423
COP(=O)(OC)OC(Br)C(Cl)(Cl)Br,5.058727982469423
NN,4.153475397913038
NN,4.052339575977363
NN,3.7289567320359893
Cl.Cl.Cl.Cl.NCCCNCCCCNCCCN,3.4600485327613266
ClC1=C(Cl)[C@]2(Cl)[C@@H]3[C@@H]4C[C@@H](C=C4)[C@@H]3[C@@]1(Cl)C2(Cl)Cl,7.040045500884025
ClC1=C(Cl)[C@]2(Cl)[C@@H]3[C@@H]4C[C@@H](C=C4)[C@@H]3[C@@]1(Cl)C2(Cl)Cl,7.111401409419694
ClC1=C(Cl)[C@]2(Cl)[C@@H]3[C@@H]4C[C@@H](C=C4)[C@@H]3[C@@]1(Cl)C2(Cl)Cl,7.644745588378196
ClC1=C(Cl)[C@]2(Cl)[C@@H]3[C@@H]4C[C@@H](C=C4)[C@@H]3[C@@]1(Cl)C2(Cl)Cl,7.111401409419694
ClC1=C(Cl)[C@]2(Cl)[C@@H]3[C@@H]4C[C@@H](C=C4)[C@@H]3[C@@]1(Cl)C2(Cl)Cl,7.644745588378196
[Na+].CCCC(C)C1(CC=C)C(=O)NC([O-])=NC1=O,4.042251201570832
CCOP(=O)(OCC)OC1=CC=C(C=C1)[N+]([O-])=O,6.041480915039565
CCOP(=O)(OCC)OC1=CC=C(C=C1)[N+]([O-])=O,5.920906983833715
CCC(C)N1C(=O)NC(C)=C(Br)C1=O,3.152549049635236
CCC(C)N1C(=O)NC(C)=C(Br)C1=O,3.1549287513805906
CCC(C)N1C(=O)NC(C)=C(Br)C1=O,3.145487195147749
CNC(=O)OC1=CC(C)=C(N(C)C)C(C)=C1,4.116171644335318
CNC(=O)OC1=CC(C)=C(N(C)C)C(C)=C1,3.971872219703488
CNC(=O)OC1=CC(C)=C(N(C)C)C(C)=C1,4.116171644335318
CNC(=O)OC1=CC(C)=C(N(C)C)C(C)=C1,4.116171644335318
CNC(=O)OC1=CC(C)=C(N(C)C)C(C)=C1,4.3800095790316576
CCOP(=S)(CC)OC1=C(Cl)C=C(Cl)C(Cl)=C1,6.168871995492903
OC1=C(C=CC(=C1)[N+]([O-])=O)[N+]([O-])=O,4.738506918350401
OC1=C(C=CC(=C1)[N+]([O-])=O)[N+]([O-])=O,4.738506918350401
CN(C)C(=O)NC1=CC(Cl)=C(Cl)C=C1,4.066666764872201
CN(C)C(=O)NC1=CC(Cl)=C(Cl)C=C1,4.213231496898851
CN(C)C(=O)NC1=CC(Cl)=C(Cl)C=C1,4.213231496898851
CN(C)C(=O)NC1=CC(Cl)=C(Cl)C=C1,4.213231496898851
FC1=CC=C(OC2=CC=C(F)C=C2)C=C1,5.288675861598818
FC1=CC=C(OC2=CC=C(F)C=C2)C=C1,5.234800480815963
Cl.Cl.NCCN,3.1206466486499
CCOP(=S)(OCC)OC1=NC(=NC(C)=C1)C(C)C,4.6634739843680455
CCOP(=S)(OCC)OC1=NC(=NC(C)=C1)C(C)C,4.483017919909914
CCOP(=S)(OCC)OC1=NC(=NC(C)=C1)C(C)C,4.650509007203677
CCOP(=S)(OCC)OC1=NC(=NC(C)=C1)C(C)C,4.914816195842919
CCOP(=S)(OCC)OC1=NC(=NC(C)=C1)C(C)C,4.914816195842919
CCOP(=S)(OCC)OC1=NC(=NC(C)=C1)C(C)C,4.734829892903713
CCOP(=S)(OCC)OC1=NC(=NC(C)=C1)C(C)C,4.6634739843680455
CCOP(=S)(OCC)OC1=NC(=NC(C)=C1)C(C)C,4.810920061974197
CCOP(=S)(OCC)OC1=NC(=NC(C)=C1)C(C)C,4.5122063090373965
CCOP(=S)(OCC)OC1=NC(=NC(C)=C1)C(C)C,4.849549464330328
CCOP(=S)(OCC)OC1=NC(=NC(C)=C1)C(C)C,4.697688084899147
CCOP(=S)(OCC)OC1=NC(=NC(C)=C1)C(C)C,4.644168829172658
CCOP(=S)(OCC)OC1=NC(=NC(C)=C1)C(C)C,4.470180695204742
CCOP(=S)(OCC)OC1=NC(=NC(C)=C1)C(C)C,5.880957928581951
CCOP(=S)(OCC)OC1=NC(=NC(C)=C1)C(C)C,4.70486666952627
[O-][N+](=O)C1=CC=C(F)C=C1,3.695970397639916
[O-][N+](=O)C1=CC=C(F)C=C1,3.695970397639916
[O-][N+](=O)C1=CC=C(F)C=C1,3.6944438776784434
FC(F)(F)C1=CC(=CC=C1)C#N,3.554552859800123
FC(F)(F)C1=CC(=CC=C1)C#N,3.554552859800123
NC1=CC=C(F)C=C1,3.6837845767441935
NC1=CC=C(F)C=C1,3.817625708148113
NC1=CC=C(F)C=C1,3.6837845767441935
NC1=CC=C(F)C=C1,3.817625708148113
NC1=CC=C(F)C=C1,3.817625708148113
CCOC(=O)C(F)(F)F,1.1523622417430113
OC(=O)C1=C(F)C=CC=C1F,3.3598572935612014
FC1=CC=CC(Cl)=C1C=O,4.225049515931358
FC1=CC=CC(Cl)=C1C=O,4.225049515931358
NC1=C(C=C(F)C=C1)C(F)(F)F,3.781648199338524
NC1=C(C=C(F)C=C1)C(F)(F)F,3.781648199338524
FC1=C(C=O)C=CC=C1,4.95681473069122
FC(F)(F)C1=C(C=CC=C1)C#N,3.607758787878563
FC(F)(F)C1=C(C=CC=C1)C#N,3.607758787878563
FC(F)(F)C1=CC=CC(C=O)=C1,5.276834419803899
FC(F)(F)C1=CC=CC(C=O)=C1,5.276834419803899
FC(F)(F)C1=CC=CC(C=O)=C1,5.187543803666035
FC(F)(F)C1=CC=CC(C=O)=C1,5.3598086548686625
CNC1=CC=C(F)C=C1,3.512801359552198
CNC1=CC=C(F)C=C1,3.512801359552198
CC1(C)[C@H]2CC[C@]1(C)[C@H](O)C2,3.417051411145423
CC1(C)[C@H]2CC[C@]1(C)[C@H](O)C2,3.3566737289205038
CC1(C)[C@H]2CC[C@]1(C)C(=O)C2,3.9517377240568625
CC1(C)[C@@H]2CC[C@@]1(C)C(=O)C2,3.1407939602769113
CC12CCC(CC1)C(C)(C)O2,3.1793032510256496
CC(C)=C1CC[C@H]2C(CC[C@@H]3[C@]2(C)CCC[C@@]3(C)C(O)=O)=C1,5.366386430697847
CC(C)=C1CC[C@H]2C(CC[C@@H]3[C@]2(C)CCC[C@@]3(C)C(O)=O)=C1,5.2473336726125295
C[C@]12CCCC(C)(C)[C@H]3[C@H](CC[C@@H]13)C2=C,4.301429619772497
C1CC2=CC=CC=C2C1,3.9260418734856963
C1CC2=CC=CC=C2O1,3.1671672929254693
[Na+].[Na+].[O-]C([O-])=O,2.095740575758704
O[C@@H]1C[C@H]2CC[C@@H]1C2,2.6916274308541412
C1CC2CC1C=C2,3.973489231739767
OC(=O)C1=CC=CC(=N1)C(O)=O,2.7149174379623817
O=CC1=CC=CN=C1,3.814690541928375
COP(=S)(OC)OC1=CC=C(C(Cl)=C1)[N+]([O-])=O,5.025543956222759
CCCCC(=O)CCCC,3.6613416780614507
CCCCC(=O)CCCC,3.6613416780614507
CC(Br)=O,3.477608499368601
CC(Br)=O,3.477608499368601
COP(=O)(OC)OC,1.3004839823039913
CC(=C)C(C)=C,4.074750042541834
CC(C)C1=CC2=CC[C@@H]3[C@](C)(CCC[C@@]3(C)C(O)=O)[C@H]2CC1,5.103752825948171
O=C1C=C(OC2=CC=CC=C12)C1=CC=CC=C1,4.802418092463663
CC1=CC(C)=C(O)C(C)=C1,4.019879080158384
[O-][N+](=O)C1=C(C=CC=C1)[N+]([O-])=O,5.447202251147216
[O-][N+](=O)C1=C(C=CC=C1)[N+]([O-])=O,5.447202251147216
CC1=CC=CC=C1C#N,3.4180930171593835
CC1=C(C=O)C=CC=C1,3.3567554269240722
[Na+].[O-]C(=O)C1=CC=CC=C1,2.4735735961612084
CC1=C(O)C(=CC(=C1)[N+]([O-])=O)[N+]([O-])=O,4.86215697637761
CC1=C(O)C(=CC(=C1)[N+]([O-])=O)[N+]([O-])=O,4.86215697637761
CC1=C(O)C(=CC(=C1)[N+]([O-])=O)[N+]([O-])=O,5.109205159575345
CC1=C(O)C(=CC(=C1)[N+]([O-])=O)[N+]([O-])=O,5.00669126904929
CC1=C(O)C(=CC(=C1)[N+]([O-])=O)[N+]([O-])=O,5.017972279458979
CC1=C(O)C(=CC(=C1)[N+]([O-])=O)[N+]([O-])=O,4.954303199589602
CCCCCC1=CC=CC=C1,4.937632840851958
CC(=O)OC(C)(C)C,2.5502236003281644
CC(=O)O[U](=O)(=O)OC(C)=O,5.020705242250108
ClC1=CC(Cl)=CC=C1,4.204265810781145
ClC1=CC(Cl)=CC=C1,4.2721660464190805
ClC1=CC(Cl)=CC=C1,4.060456928153604
ClC1=CC(Cl)=CC=C1,4.259599191194036
ClC1=CC(Cl)=CC=C1,4.25954510383088
ClC1=CC(Cl)=CC=C1,4.256849288334975
ClC1=CC(Cl)=CC=C1,4.2721660464190805
ClC1=CC(Cl)=CC=C1,4.25954510383088
ClC1=CC(Cl)=CC=C1,4.2721660464190805
ClCC=CCl,4.675782312610118
ClCC=CCl,5.6628723965528796
ClCC=CCl,4.428486440781282
ClCC=CCl,4.428486440781282
ClCC=CCl,5.666521951490914
ClCC=CCl,4.895142261822779
ClCC=CCl,4.8371503148450925
[Co++].[O-]C=O.[O-]C=O,3.665121953975697
CCCCSCCCC,4.6108055980584375
COC1=CC=C(C(C)=O)C(O)=C1,3.4807005197051804
COC1=CC=C(C(C)=O)C(O)=C1,3.4807005197051804
COC1=CC=C(C(C)=O)C(O)=C1,3.2767783482491697
[O-][N+](=O)C1=C(C=O)C=CC=C1,3.958946343763773
[O-][N+](=O)C1=C(C=O)C=CC=C1,4.082144418795772
NC1=CC=C(Cl)C=C1Cl,4.407431116014416
[O-][N+](=O)C1=CC=C(C=O)C=C1,4.174733058021186
CCOP(=S)(OCC)SCSP(=S)(OCC)OCC,5.726984722215539
CCOP(=S)(OCC)SCSP(=S)(OCC)OCC,5.726984722215539
CCOP(=S)(OCC)SCSP(=S)(OCC)OCC,5.204105976935201
CC(C)C(C)=O,1.9983540299384526
CC(C)C(C)=O,1.9983540299384526
[Cl-].CN(C)C1=CC=C(C=C1)C(C1=CC=CC=C1)=C1C=CC(C=C1)=[N+](C)C,6.482123667206697
[Cl-].CN(C)C1=CC=C(C=C1)C(C1=CC=CC=C1)=C1C=CC(C=C1)=[N+](C)C,6.482123667206697
CC1=CC=CC(=C1N)[N+]([O-])=O,3.796404649757951
CC1=CC=CC(=C1N)[N+]([O-])=O,3.796404649757951
OC1=C(C=CC=C1[N+]([O-])=O)[N+]([O-])=O,3.66605568897713
OC1=C(C=CC=C1[N+]([O-])=O)[N+]([O-])=O,3.66605568897713
CC1=CC=CC(C)=C1O,3.750160470642163
CC1=CC=CC(C)=C1O,3.6552564403317054
CC1=CC=C(C(N)=C1)[N+]([O-])=O,3.7981955573758315
CC1=CC=C(C(N)=C1)[N+]([O-])=O,3.7981955573758315
CC1=CC=C(C(N)=C1)[N+]([O-])=O,3.7754707429223076
BrC1=C(Br)C=CC=C1,4.761515730766784
BrC1=C(Br)C=CC=C1,4.756186897261717
[K+].[K+].[O-]C([O-])=O,2.43203237565327
CC(C)=CC1C(C(=O)OC2CC(=O)C(CC=C)=C2C)C1(C)C,6.79903625677611
CC(C)=CC1C(C(=O)OC2CC(=O)C(CC=C)=C2C)C1(C)C,6.756001624550908
CC(C)=CC1C(C(=O)OC2CC(=O)C(CC=C)=C2C)C1(C)C,6.79903625677611
CC(C)=CC1C(C(=O)OC2CC(=O)C(CC=C)=C2C)C1(C)C,6.641428403414442
CC(C)=CC1C(C(=O)OC2CC(=O)C(CC=C)=C2C)C1(C)C,6.577187507159754
CC1=CC=C(C=C1N=C=O)N=C=O,3.024490477304069
CC1=CC=C(C=C1N=C=O)N=C=O,3.0231724353761558
CC1=CC=C(C=C1N=C=O)N=C=O,3.024490477304069
CC(C)=C1CCC(C)=CC1,5.051153162162283
C=CCNC1=CC=CC=C1,3.5690482006706286
C=CCNC1=CC=CC=C1,3.5690482006706286
CCC1=CC=C(N)C=C1,3.2197823681780027
CCC1=CC=C(N)C=C1,3.2197823681780027
CC(C)CC=O,4.422984411438471
CCCCC(C)=O,2.368941778461632
CC=CC=CC,3.626426359985806
CC=CC=CC,3.6003608695468787
[Hg++].[S-]C#N.[S-]C#N,6.326227865232445
CCCCCCCCCCCC(C)=O,5.7407975677568235
C[C@](O)(CC[C@H]1C(=C)CC[C@H]2C(C)(C)CCC[C@]12C)C=C,6.383607389792842
CC[Sn](CC)(CC)CC,7.331627317357948
CC(C)C(C)N,2.4867237449544337
CC(C)C(O)C(C)C,2.8527198533547784
CC1=CC=CC(=C1[N+]([O-])=O)[N+]([O-])=O,5.004877040913829
CC1=CC=CC(=C1[N+]([O-])=O)[N+]([O-])=O,5.004877040913829
CC1=CC=CC(=C1[N+]([O-])=O)[N+]([O-])=O,4.981395945064306
CC1=C(N)C=CC=C1[N+]([O-])=O,3.4830409190202443
CC1=C(N)C=CC=C1[N+]([O-])=O,3.4830409190202443
CC1=C(N)C=CC=C1[N+]([O-])=O,4.244480291652609
CC1=C(N)C=CC=C1[N+]([O-])=O,4.483040919020244
CC1=C(N)C=CC=C1[N+]([O-])=O,3.483910377732873
CC1=C(C=CC=C1[N+]([O-])=O)[N+]([O-])=O,3.9929778176141215
CC1=C(C=CC=C1[N+]([O-])=O)[N+]([O-])=O,3.9929778176141215
CC1=C(C=CC=C1[N+]([O-])=O)[N+]([O-])=O,3.9906366017992188
CC1=C(C=CC=C1[N+]([O-])=O)[N+]([O-])=O,3.771287743300074
CC1=C(C=CC=C1[N+]([O-])=O)[N+]([O-])=O,3.9813959450643064
CC1=C(C=CC=C1[N+]([O-])=O)[N+]([O-])=O,3.9634843557556043
[O-][N+](=O)C1=CC(=C(C=O)C(=C1)[N+]([O-])=O)[N+]([O-])=O,4.68304181124084
[O-][N+](=O)C1=CC(=C(C=O)C(=C1)[N+]([O-])=O)[N+]([O-])=O,5.382011815576859
O=CN(C1=CC=CC=C1)C1=CC=CC=C1,3.874695760574941
O=CN(C1=CC=CC=C1)C1=CC=CC=C1,3.874695760574941
O=CN(C1=CC=CC=C1)C1=CC=CC=C1,3.7493443925988745
CCOC(=O)C(CC1=CC=CC=C1)C(=O)OCC,4.663349474315462
OC1=C(Br)C(Br)=C(Br)C(Br)=C1Br,6.715998337142493
ClC1C(Cl)C(Cl)C(Cl)C(Cl)C1Cl,5.15815142537728
ClC1C(Cl)C(Cl)C(Cl)C(Cl)C1Cl,6.362271408033205
ClC1C(Cl)C(Cl)C(Cl)C(Cl)C1Cl,5.097453585023669
ClC1C(Cl)C(Cl)C(Cl)C(Cl)C1Cl,6.362271408033205
ClC1=CC(Cl)=C(Cl)C(Cl)=C1Cl,6.001495629415324
ClC1=CC(Cl)=C(Cl)C(Cl)=C1Cl,5.816700782837764
OC1=C(I)C=C(I)C=C1I,5.590909791246352
CC1=CC=C(C(=C1)[N+]([O-])=O)[N+]([O-])=O,5.084058286961454
CC1=CC=C(C(=C1)[N+]([O-])=O)[N+]([O-])=O,5.084058286961454
COC1=CC(OC)=C(C=O)C=C1,3.9170768067347836
COC1=CC(OC)=C(C=O)C=C1,3.9170768067347836
CC(=O)NC1=C(O)C=CC=C1,3.153853184442449
CC(=O)NC1=C(O)C=CC=C1,3.153853184442449
CC(=O)NC1=C(O)C=CC=C1,3.8347667760221085
CC(=O)NC1=C(O)C=CC=C1,3.8347667760221085
CC(=O)NC1=C(O)C=CC=C1,3.6606451098293316
CC1=CC(Cl)=C(N)C=C1,3.5894188211098483
CC1=CC(Cl)=C(N)C=C1,3.5894188211098483
CC1=CC(Cl)=C(N)C=C1,3.594230997567642
CC1=CC(Cl)=C(N)C=C1,3.594230997567642
CC1=CC(C)=C(C=C1[N+]([O-])=O)[N+]([O-])=O,4.394736225896281
CC1=CC(C)=C(C=C1[N+]([O-])=O)[N+]([O-])=O,4.354832685483069
CC1=CC(C)=C(C=C1[N+]([O-])=O)[N+]([O-])=O,4.593393312850703
CC1=CC(C)=C(C=C1[N+]([O-])=O)[N+]([O-])=O,4.394736225896281
CC1=CC(O)=C(C=C1[N+]([O-])=O)[N+]([O-])=O,4.791575902091902
CC1=CC(O)=C(C=C1[N+]([O-])=O)[N+]([O-])=O,4.791575902091902
CCOC1=CC(=C(N)C=C1)[N+]([O-])=O,3.8452629980627306
CCOC1=CC(=C(N)C=C1)[N+]([O-])=O,3.8452629980627306
CC1=CC(=CC(=C1)[N+]([O-])=O)[N+]([O-])=O,3.8271802551427294
CC1=CC(=CC(=C1)[N+]([O-])=O)[N+]([O-])=O,3.9060411068697345
CC1=CC(=CC(=C1)[N+]([O-])=O)[N+]([O-])=O,3.9060411068697345
CC1=CC(=CC(=C1)[N+]([O-])=O)[N+]([O-])=O,3.917726865194929
CC1=CC(=CC(=C1)[N+]([O-])=O)[N+]([O-])=O,3.771287743300074
CC1=CC(=CC(=C1)[N+]([O-])=O)[N+]([O-])=O,3.9813959450643064
CC1=CC(=CC(=C1)[N+]([O-])=O)[N+]([O-])=O,3.917726865194929
NC1=CC(=CC(=C1)[N+]([O-])=O)[N+]([O-])=O,3.932103774109885
NC1=CC(=CC(=C1)[N+]([O-])=O)[N+]([O-])=O,3.9361816865303245
